Kingdom,Family,Species,Reference,Compounds,Indonesia available?
Plantae,Apiaceae,Daucus carota,Ref.,Bornyl acetate,Yes
Plantae,Labiatae,Thymus vulgaris,Ref.,Bornyl acetate,Yes
Plantae,Valerianaceae/Linnaeaceae/Dipsacaceae/Diervillaceae,Valeriana officinalis,Ref.,Bornyl acetate,Yes
Fungi,Ganodermataceae,Ganoderma lucidum,Ref.,Heptan-2-one,Yes
Plantae,Alliaceae,Allium cepa,Ref.,Heptan-2-one,Yes
Plantae,Anacardiaceae,Mangifera indica,Ref.,Heptan-2-one,Yes
Plantae,Apiaceae,Foeniculum vulgare,Ref.,Heptan-2-one,Yes
Plantae,Caricaceae,Carica papaya,Ref.,Heptan-2-one,Yes
Plantae,Clusiaceae/Clusiaceae-Guttiferae,Garcinia dulcis,Ref.,Heptan-2-one,Yes
Plantae,Myrtaceae,Psidium guajava,Ref.,Heptan-2-one,Yes
Plantae,Myrtaceae,Syzygium aromaticum,Ref.,Heptan-2-one,Yes
Plantae,Oxalidaceae,Averrhoa carambola,Ref.,Heptan-2-one,Yes
Plantae,Rubiaceae,Coffea arabica,Ref.,Heptan-2-one,Yes
Plantae,Solanaceae,Solanum lycopersicum,Ref.,Heptan-2-one,Yes
Fungi,Ganodermataceae,Ganoderma lucidum,Ref.,Piperitone,Yes
Plantae,Anacardiaceae,Mangifera indica,Ref.,Piperitone,Yes
Plantae,Apiaceae,Foeniculum vulgare,Ref.,Piperitone,Yes
Plantae,Labiatae,Ocimum basilicum,Ref.,Piperitone,Yes
Plantae,Anacardiaceae,Mangifera indica,Ref.,P-cymene,Yes
Plantae,Apiaceae,Apium graveolens,Ref.,P-cymene,Yes
Plantae,Apiaceae,Cuminum cyminum,Ref.,P-cymene,Yes
Plantae,Apiaceae,Cuminum cyminum L.,Ref.,P-cymene,Yes
Plantae,Apiaceae,Daucus carota,Ref.,P-cymene,Yes
Plantae,Apiaceae,Foeniculum vulgare,Ref.,P-cymene,Yes
Plantae,Asteraceae,Helianthus annuus,Ref.,P-cymene,Yes
Plantae,Caricaceae,Carica papaya,Ref.,P-cymene,Yes
Plantae,Clusiaceae/Clusiaceae-Guttiferae,Garcinia dulcis,Ref.,P-cymene,Yes
Plantae,Cyperaceae,Cyperus rotundus L.,Ref.,P-cymene,Yes
Plantae,Labiatae,Mentha arvensis L.,Ref.,P-cymene,Yes
Plantae,Labiatae,Mentha piperita L.,Ref.,P-cymene,Yes
Plantae,Labiatae,Ocimum basilicum,Ref.,P-cymene,Yes
Plantae,Labiatae,Thymus vulgaris,Ref.,P-cymene,Yes
Plantae,Lamiaceae,Coleus aromaticus,Ref.,P-cymene,Yes
Plantae,Lauraceae,Cinnamomum camphora,Ref.,P-cymene,Yes
Plantae,Lauraceae,Litsea cubeba,Ref.,P-cymene,Yes
Plantae,Lythraceae,Punica granatum,Ref.,P-cymene,Yes
Plantae,Meliaceae,Azadirachta indica,Ref.,P-cymene,Yes
Plantae,Meliaceae,Melia azadirach,Ref.,P-cymene,Yes
Plantae,Moringaceae,Moringa oleifera,Ref.,P-cymene,Yes
Plantae,Myrtaceae,Eucalyptus globulus,Ref.,P-cymene,Yes
Plantae,Myrtaceae,Melaleuca leucadendra L.,Ref.,P-cymene,Yes
Plantae,Myrtaceae,Psidium guajava,Ref.,P-cymene,Yes
Plantae,Piperaceae,Piper nigrum,Ref.,P-cymene,Yes
Plantae,Poaceae,Cymbopogon citratus,Ref.,P-cymene,Yes
Plantae,Ranunculaceae,Nigella sativa L,Ref.,P-cymene,Yes
Plantae,Rutaceae,Aegle marmelos,Ref.,P-cymene,Yes
Plantae,Rutaceae,Citrus aurantifolia,Ref.,P-cymene,Yes
Plantae,Rutaceae,Citrus aurantium,Ref.,P-cymene,Yes
Plantae,Rutaceae,Citrus hystrix,Ref.,P-cymene,Yes
Plantae,Rutaceae,Clausena excavata,Ref.,P-cymene,Yes
Plantae,Solanaceae,Nicotiana tabacum,Ref.,P-cymene,Yes
Plantae,Solanaceae,Solanum lycopersicum,Ref.,P-cymene,Yes
Plantae,Theaceae,Camellia sinensis,Ref.,P-cymene,Yes
Plantae,Verbenaceae,Lantana camara,Ref.,P-cymene,Yes
Plantae,Zingiberaceae,Curcuma amada,Ref.,P-cymene,Yes
Plantae,Zingiberaceae,Curcuma longa,Ref.,P-cymene,Yes
Plantae,Zingiberaceae,Curcuma mangga,Ref.,P-cymene,Yes
Plantae,Zingiberaceae,Curcuma xanthorrhiza,Ref.,P-cymene,Yes
Plantae,Zingiberaceae,Zingiber officinale,Ref.,P-cymene,Yes
-,-,Baeckea frutescens,Ref.,P-cymene,Yes
Plantae,Acoraceae,Acorus calamus,Ref.,A-selinene,Yes
Plantae,Anacardiaceae,Mangifera indica,Ref.,A-selinene,Yes
Plantae,Apiaceae,Apium graveolens,Ref.,A-selinene,Yes
Plantae,Apiaceae,Daucus carota,Ref.,A-selinene,Yes
Plantae,Cyperaceae,Cyperus rotundus,Ref.,A-selinene,Yes
Plantae,Labiatae,Ocimum basilicum,Ref.,A-selinene,Yes
Plantae,Lauraceae,Cinnamomum camphora,Ref.,A-selinene,Yes
Plantae,Myrtaceae,Melaleuca leucadendra L.,Ref.,A-selinene,Yes
Plantae,Myrtaceae,Psidium guajava,Ref.,A-selinene,Yes
Plantae,Piperaceae,Piper nigrum,Ref.,A-selinene,Yes
Plantae,Rutaceae,Murraya paniculata,Ref.,A-selinene,Yes
Plantae,Valerianaceae/Linnaeaceae/Dipsacaceae/Diervillaceae,Valeriana officinalis,Ref.,A-selinene,Yes
Plantae,Zingiberaceae,Curcuma amada,Ref.,A-selinene,Yes
Plantae,Zingiberaceae,Curcuma zedoaria,Ref.,A-selinene,Yes
Plantae,Zingiberaceae,Zingiber officinale,Ref.,A-selinene,Yes
Plantae,Phyllanthaceae,Phyllanthus niruri,Ref.,Nirurin,Yes
Plantae,Acanthaceae,Strobilanthes crispus,Ref.,Cinnamic acid,Yes
Plantae,Apocynaceae,Catharanthus roseus,Ref.,Cinnamic acid,Yes
Plantae,Cucurbitaceae,Momordica charantia,Ref.,Cinnamic acid,Yes
Plantae,Fabaceae,Glycine max,Ref.,Cinnamic acid,Yes
Plantae,Fabaceae,Phaseolus vulgaris,Ref.,Cinnamic acid,Yes
Plantae,Ginkgoaceae,Ginkgo biloba,Ref.,Cinnamic acid,Yes
Plantae,Labiatae,Ocimum basilicum,Ref.,Cinnamic acid,Yes
Plantae,Rutaceae,Aegle marmelos,Ref.,Cinnamic acid,Yes
Plantae,Solanaceae,Solanum lycopersicum,Ref.,Cinnamic acid,Yes
Plantae,Theaceae,Camellia sinensis,Ref.,Cinnamic acid,Yes
Plantae,Clusiaceae/Clusiaceae-Guttiferae,Garcinia mangostana,Ref.,Garcimangosone c,Yes
Plantae,Clusiaceae/Clusiaceae-Guttiferae,Garcinia dulcis,Ref.,Br-xanthone a,Yes
Plantae,Clusiaceae/Clusiaceae-Guttiferae,Garcinia mangostana,Ref.,Br-xanthone a,Yes
Plantae,Clusiaceae/Clusiaceae-Guttiferae,Garcinia mangostana,Ref.,Maclurin,Yes
Plantae,Clusiaceae/Clusiaceae-Guttiferae,Garcinia xanthochymus,Ref.,Maclurin,Yes
Plantae,Moraceae,Morus alba,Ref.,Maclurin,Yes
Plantae,Labiatae,Tectona grandis,Ref.,Rubiadin,Yes
Plantae,Rubiaceae,Morinda citrifolia,Ref.,Rubiadin,Yes
Fungi,Ganodermataceae,Ganoderma lucidum,Ref.,"1,8-cineole",Yes
Plantae,Alliaceae,Allium sativum,Ref.,"1,8-cineole",Yes
Plantae,Anacardiaceae,Mangifera indica,Ref.,"1,8-cineole",Yes
Plantae,Annonaceae,Cananga odorata,Ref.,"1,8-cineole",Yes
Plantae,Apiaceae,Cuminum cyminum L.,Ref.,"1,8-cineole",Yes
Plantae,Apiaceae,Foeniculum vulgare,Ref.,"1,8-cineole",Yes
Plantae,Asteraceae,Helianthus annuus,Ref.,"1,8-cineole",Yes
Plantae,Caricaceae,Carica papaya,Ref.,"1,8-cineole",Yes
Plantae,Cyperaceae,Cyperus rotundus L.,Ref.,"1,8-cineole",Yes
Plantae,Ginkgoaceae,Ginkgo biloba,Ref.,"1,8-cineole",Yes
Plantae,Labiatae,Mentha arvensis L.,Ref.,"1,8-cineole",Yes
Plantae,Labiatae,Mentha piperita L.,Ref.,"1,8-cineole",Yes
Plantae,Labiatae,Ocimum basilicum,Ref.,"1,8-cineole",Yes
Plantae,Labiatae,Thymus vulgaris,Ref.,"1,8-cineole",Yes
Plantae,Labiatae,Vitex trifolia,Ref.,"1,8-cineole",Yes
Plantae,Lauraceae,Cinnamomum camphora,Ref.,"1,8-cineole",Yes
Plantae,Moraceae,Morus alba,Ref.,"1,8-cineole",Yes
Plantae,Myrtaceae,Eucalyptus globulus,Ref.,"1,8-cineole",Yes
Plantae,Myrtaceae,Melaleuca leucadendra,Ref.,"1,8-cineole",Yes
Plantae,Myrtaceae,Melaleuca leucadendron,Ref.,"1,8-cineole",Yes
Plantae,Myrtaceae,Psidium guajava,Ref.,"1,8-cineole",Yes
Plantae,Piperaceae,Piper nigrum,Ref.,"1,8-cineole",Yes
Plantae,Poaceae,Cymbopogon citratus,Ref.,"1,8-cineole",Yes
Plantae,Rutaceae,Aegle marmelos,Ref.,"1,8-cineole",Yes
Plantae,Rutaceae,Citrus aurantifolia,Ref.,"1,8-cineole",Yes
Plantae,Rutaceae,Murraya paniculata,Ref.,"1,8-cineole",Yes
Plantae,Valerianaceae/Linnaeaceae/Dipsacaceae/Diervillaceae,Valeriana officinalis,Ref.,"1,8-cineole",Yes
Plantae,Zingiberaceae,Alpinia officinarum,Ref.,"1,8-cineole",Yes
Plantae,Zingiberaceae,Curcuma aeruginosa,Ref.,"1,8-cineole",Yes
Plantae,Zingiberaceae,Curcuma amada,Ref.,"1,8-cineole",Yes
Plantae,Zingiberaceae,Curcuma longa,Ref.,"1,8-cineole",Yes
Plantae,Zingiberaceae,Curcuma mangga,Ref.,"1,8-cineole",Yes
Plantae,Zingiberaceae,Curcuma xanthorrhiza,Ref.,"1,8-cineole",Yes
Plantae,Zingiberaceae,Curcuma zedoaria,Ref.,"1,8-cineole",Yes
Plantae,Zingiberaceae,Hedychium coronarium,Ref.,"1,8-cineole",Yes
Plantae,Zingiberaceae,Zingiber officinale,Ref.,"1,8-cineole",Yes
-,-,Baeckea frutescens L.,Ref.,"1,8-cineole",Yes
-,-,Cucurbitaceae,Ref.,Cucurbitacin d,Yes
Plantae,Alliaceae,Allium sativum,Ref.,Hyperoside,Yes
Plantae,Anacardiaceae,Mangifera indica,Ref.,Hyperoside,Yes
Plantae,Apiaceae,Foeniculum vulgare,Ref.,Hyperoside,Yes
Plantae,Asparagaceae,Asparagus racemosus,Ref.,Hyperoside,Yes
Plantae,Clusiaceae/Clusiaceae-Guttiferae,Garcinia dulcis,Ref.,Hyperoside,Yes
Plantae,Fabaceae,Phaseolus vulgaris,Ref.,Hyperoside,Yes
Plantae,Ginkgoaceae,Ginkgo biloba,Ref.,Hyperoside,Yes
Plantae,Lauraceae,Cassytha filiformis,Ref.,Hyperoside,Yes
Plantae,Lythraceae,Punica granatum,Ref.,Hyperoside,Yes
Plantae,Malvaceae,Abelmoschus manihot,Ref.,Hyperoside,Yes
Plantae,Musaceae,Musa acuminata,Ref.,Hyperoside,Yes
Plantae,Myrtaceae,Eucalyptus globulus,Ref.,Hyperoside,Yes
Plantae,Myrtaceae,Psidium guajava,Ref.,Hyperoside,Yes
Plantae,Nelumbonaceae,Nelumbo nucifera,Ref.,Hyperoside,Yes
Plantae,Theaceae,Camellia sinensis,Ref.,Hyperoside,Yes
Plantae,Apocynaceae,Nerium oleander,Ref.,Ursolic acid,Yes
Plantae,Labiatae,Orthosiphon stamineus,Ref.,Ursolic acid,Yes
Plantae,Labiatae,Thymus vulgaris,Ref.,Ursolic acid,Yes
Plantae,Moraceae,Ficus microcarpa,Ref.,Ursolic acid,Yes
Plantae,Rubiaceae,Morinda citrifolia L.,Ref.,Ursolic acid,Yes
Plantae,Acanthaceae,Strobilanthes crispus,Ref.,Ledol,Yes
Plantae,Meliaceae,Azadirachta indica,Ref.,Ledol,Yes
Plantae,Myrtaceae,Melaleuca leucadendra L.,Ref.,Ledol,Yes
Plantae,Myrtaceae,Melaleuca leucadendron,Ref.,Ledol,Yes
Plantae,Myrtaceae,Psidium guajava,Ref.,Ledol,Yes
Plantae,Piperaceae,Piper nigrum,Ref.,Ledol,Yes
Plantae,Valerianaceae/Linnaeaceae/Dipsacaceae/Diervillaceae,Valeriana officinalis,Ref.,Ledol,Yes
Plantae,Zingiberaceae,Curcuma amada,Ref.,Ledol,Yes
Plantae,Zingiberaceae,Zingiber officinale,Ref.,Ledol,Yes
Plantae,Plantaginaceae,Plantago major,Ref.,Catalpol,Yes
Plantae,Clusiaceae/Clusiaceae-Guttiferae,Garcinia mangostana,Ref.,1-isomangostin hydrate,Yes
Plantae,Clusiaceae/Clusiaceae-Guttiferae,Garcinia mangostana,Ref.,1-isomangostin,Yes
Plantae,Clusiaceae/Clusiaceae-Guttiferae,Garcinia dulcis,Ref.,3-isomangostin hydrate,Yes
Plantae,Clusiaceae/Clusiaceae-Guttiferae,Garcinia mangostana,Ref.,3-isomangostin hydrate,Yes
Plantae,Clusiaceae/Clusiaceae-Guttiferae,Garcinia dulcis,Ref.,3-isomangostin,Yes
Plantae,Clusiaceae/Clusiaceae-Guttiferae,Garcinia mangostana,Ref.,3-isomangostin,Yes
Plantae,Clusiaceae/Clusiaceae-Guttiferae,Garcinia mangostana,Ref.,6-deoxy-gamma-mangostin,Yes
Plantae,Clusiaceae/Clusiaceae-Guttiferae,Garcinia dulcis,Ref.,8-deoxygartanin,Yes
Plantae,Clusiaceae/Clusiaceae-Guttiferae,Garcinia mangostana,Ref.,8-deoxygartanin,Yes
Plantae,Clusiaceae/Clusiaceae-Guttiferae,Garcinia nigrolineata,Ref.,8-deoxygartanin,Yes
Plantae,Clusiaceae/Clusiaceae-Guttiferae,Garcinia cowa,Ref.,9-hydroxycalabaxanthone,Yes
Plantae,Clusiaceae/Clusiaceae-Guttiferae,Garcinia mangostana,Ref.,9-hydroxycalabaxanthone,Yes
Plantae,Clusiaceae/Clusiaceae-Guttiferae,Garcinia cowa,Ref.,A-mangostin,Yes
Plantae,Clusiaceae/Clusiaceae-Guttiferae,Garcinia dulcis,Ref.,A-mangostin,Yes
Plantae,Clusiaceae/Clusiaceae-Guttiferae,Garcinia indica,Ref.,A-mangostin,Yes
Plantae,Clusiaceae/Clusiaceae-Guttiferae,Garcinia malaccensis,Ref.,A-mangostin,Yes
Plantae,Clusiaceae/Clusiaceae-Guttiferae,Garcinia mangostana,Ref.,A-mangostin,Yes
Plantae,Clusiaceae/Clusiaceae-Guttiferae,Garcinia morella,Ref.,A-mangostin,Yes
Plantae,Clusiaceae/Clusiaceae-Guttiferae,Garcinia xanthochymus,Ref.,A-mangostin,Yes
Plantae,Acanthaceae,Andrographis paniculata,Ref.,Andrographolide,Yes
Plantae,Anacardiaceae,Mangifera indica,Ref.,Cryptoxanthin,Yes
Plantae,Apiaceae,Daucus carota,Ref.,Cryptoxanthin,Yes
Plantae,Caricaceae,Carica papaya,Ref.,Cryptoxanthin,Yes
Plantae,Cruciferae,Brassica oleracea,Ref.,Cryptoxanthin,Yes
Plantae,Cruciferae,Raphanus sativus,Ref.,Cryptoxanthin,Yes
Plantae,Cucurbitaceae,Momordica charantia,Ref.,Cryptoxanthin,Yes
Plantae,Fabaceae,Glycine max,Ref.,Cryptoxanthin,Yes
Plantae,Fabaceae,Phaseolus vulgaris,Ref.,Cryptoxanthin,Yes
Plantae,Myrtaceae,Psidium guajava,Ref.,Cryptoxanthin,Yes
Plantae,Poaceae,Zea mays,Ref.,Cryptoxanthin,Yes
Plantae,Rubiaceae,Coffea arabica,Ref.,Cryptoxanthin,Yes
Plantae,Rubiaceae,Coffea canephora,Ref.,Cryptoxanthin,Yes
Plantae,Solanaceae,Capsicum annuum,Ref.,Cryptoxanthin,Yes
Plantae,Solanaceae,Solanum lycopersicum,Ref.,Cryptoxanthin,Yes
Plantae,Solanaceae,Solanum tuberosum,Ref.,Cryptoxanthin,Yes
Plantae,Clusiaceae/Clusiaceae-Guttiferae,Garcinia mangostana,Ref.,Calabaxanthone,Yes
Plantae,Clusiaceae/Clusiaceae-Guttiferae,Garcinia mangostana,Ref.,Demethylcalabaxanthone,Yes
Plantae,Rubiaceae,Gardenia jasminoides,Ref.,Scandoside,Yes
Plantae,Rubiaceae,Morinda citrifolia,Ref.,Scandoside,Yes
Plantae,Lythraceae,Punica granatum,Ref.,Estradiol,Yes
Plantae,Lythraceae,Punica granatum,Ref.,Casuarinin,Yes
Plantae,Myrtaceae,Psidium guajava,Ref.,Casuarinin,Yes
Plantae,Lauraceae,Cinnamomum camphora,Ref.,Hinokinin,Yes
Plantae,Phyllanthaceae,Phyllanthus niruri,Ref.,Hinokinin,Yes
Plantae,Piperaceae,Piper cubeba,Ref.,Hinokinin,Yes
Plantae,Aucubaceae,Aucuba japonica,Ref.,Aucubin,Yes
Plantae,Oleaceae,Jasminum officinale,Ref.,Aucubin,Yes
Plantae,Plantaginaceae,Plantago major,Ref.,Aucubin,Yes
Plantae,Rubiaceae,Morinda citrifolia,Ref.,Aucubin,Yes
Plantae,Rubiaceae,Morinda citrifolia L.,Ref.,Damnacanthal,Yes
Plantae,Rubiaceae,Morinda tinctoria,Ref.,Damnacanthal,Yes
Plantae,Anacardiaceae,Mangifera indica,Ref.,Ethyl caproate,Yes
Plantae,Annonaceae,Annona muricata,Ref.,Ethyl caproate,Yes
Plantae,Apiaceae,Apium graveolens,Ref.,Ethyl caproate,Yes
Plantae,Caricaceae,Carica papaya,Ref.,Ethyl caproate,Yes
Plantae,Malvaceae,Durio zibethinus,Ref.,Ethyl caproate,Yes
Plantae,Myrtaceae,Psidium guajava,Ref.,Ethyl caproate,Yes
Plantae,Oxalidaceae,Averrhoa carambola,Ref.,Ethyl caproate,Yes
Plantae,Rubiaceae,Coffea arabica,Ref.,Ethyl caproate,Yes
Plantae,Solanaceae,Solanum lycopersicum,Ref.,Ethyl caproate,Yes
Plantae,Anacardiaceae,Mangifera indica,Ref.,Ethyl caprylate,Yes
Plantae,Apiaceae,Apium graveolens,Ref.,Ethyl caprylate,Yes
Plantae,Caricaceae,Carica papaya,Ref.,Ethyl caprylate,Yes
Plantae,Clusiaceae/Clusiaceae-Guttiferae,Garcinia dulcis,Ref.,Ethyl caprylate,Yes
Plantae,Malvaceae,Durio zibethinus,Ref.,Ethyl caprylate,Yes
Plantae,Myrtaceae,Psidium guajava,Ref.,Ethyl caprylate,Yes
Plantae,Rubiaceae,Coffea arabica,Ref.,Ethyl caprylate,Yes
Plantae,Solanaceae,Solanum lycopersicum,Ref.,Ethyl caprylate,Yes
Plantae,Acanthaceae,Strobilanthes crispus,Ref.,Epicatechin,Yes
Plantae,Alliaceae,Allium sativum,Ref.,Epicatechin,Yes
Plantae,Annonaceae,Annona muricata,Ref.,Epicatechin,Yes
Plantae,Apiaceae,Apium graveolens,Ref.,Epicatechin,Yes
Plantae,Clusiaceae/Clusiaceae-Guttiferae,Garcinia celebica,Ref.,Epicatechin,Yes
Plantae,Clusiaceae/Clusiaceae-Guttiferae,Garcinia cornea,Ref.,Epicatechin,Yes
Plantae,Clusiaceae/Clusiaceae-Guttiferae,Garcinia dulcis,Ref.,Epicatechin,Yes
Plantae,Clusiaceae/Clusiaceae-Guttiferae,Garcinia mangostana,Ref.,Epicatechin,Yes
Plantae,Combretaceae,Terminalia arjuna,Ref.,Epicatechin,Yes
Plantae,Combretaceae,Terminalia catappa,Ref.,Epicatechin,Yes
Plantae,Cruciferae,Raphanus sativus,Ref.,Epicatechin,Yes
Plantae,Cucurbitaceae,Momordica charantia,Ref.,Epicatechin,Yes
Plantae,Fabaceae,Acacia catechu,Ref.,Epicatechin,Yes
Plantae,Fabaceae,Cassia angustifolia,Ref.,Epicatechin,Yes
Plantae,Fabaceae,Cassia fistula,Ref.,Epicatechin,Yes
Plantae,Fabaceae,Cassia javanica,Ref.,Epicatechin,Yes
Plantae,Fabaceae,Phaseolus vulgaris,Ref.,Epicatechin,Yes
Plantae,Fabaceae,Tamarindus indica,Ref.,Epicatechin,Yes
Plantae,Ginkgoaceae,Ginkgo biloba,Ref.,Epicatechin,Yes
Plantae,Lythraceae,Punica granatum,Ref.,Epicatechin,Yes
Plantae,Lythraceae,Punica granatum L.,Ref.,Epicatechin,Yes
Plantae,Meliaceae,Azadirachta indica,Ref.,Epicatechin,Yes
Plantae,Moringaceae,Moringa oleifera,Ref.,Epicatechin,Yes
Plantae,Musaceae,Musa acuminata,Ref.,Epicatechin,Yes
Plantae,Myrtaceae,Psidium guajava,Ref.,Epicatechin,Yes
Plantae,Oxalidaceae,Averrhoa carambola L.,Ref.,Epicatechin,Yes
Plantae,Palmae,Cocos nucifera,Ref.,Epicatechin,Yes
Plantae,Phyllanthaceae,Phyllanthus emblica,Ref.,Epicatechin,Yes
Plantae,Rubiaceae,Uncaria gambir,Ref.,Epicatechin,Yes
Plantae,Theaceae,Camellia sinensis,Ref.,Epicatechin,Yes
Plantae,Clusiaceae/Clusiaceae-Guttiferae,Garcinia dulcis,Ref.,"1,5,8-trihydroxy-3-methyl-2-prenylxanthone",Yes
Plantae,Clusiaceae/Clusiaceae-Guttiferae,Garcinia mangostana,Ref.,"1,5,8-trihydroxy-3-methyl-2-prenylxanthone",Yes
Plantae,Clusiaceae/Clusiaceae-Guttiferae,Garcinia mangostana,Ref.,"1,6-dihydroxy-3,7-dimethoxy-2-(3-methyl-2-butenyl)-8-(2-oxo-3-methyl-3-butenyl)-xanthone",Yes
Plantae,Bignoniaceae,Millingtonia hortensis,Ref.,Scutellarein,Yes
Plantae,Bignoniaceae,Oroxylum indicum,Ref.,Scutellarein,Yes
Plantae,Labiatae,Scutellaria indica,Ref.,Scutellarein,Yes
Plantae,Verbenaceae,Clerodendron serratum,Ref.,Scutellarein,Yes
Plantae,Verbenaceae,Duranta repens,Ref.,Scutellarein,Yes
Plantae,Clusiaceae/Clusiaceae-Guttiferae,Garcinia mangostana,Ref.,"1,6-dihydroxy-3-methoxy-2-prenylxanthone",Yes
Plantae,Clusiaceae/Clusiaceae-Guttiferae,Garcinia mangostana,Ref.,Garcimangosone a,Yes
Plantae,Clusiaceae/Clusiaceae-Guttiferae,Garcinia mangostana,Ref.,Garcimangosone b,Yes
Plantae,Clusiaceae/Clusiaceae-Guttiferae,Garcinia mangostana,Ref.,Garcimangosone d,Yes
Plantae,Amaranthaceae,Achyranthes aspera,Ref.,Betulinic acid,Yes
Plantae,Apocynaceae,Catharanthus roseus,Ref.,Betulinic acid,Yes
Plantae,Apocynaceae,Nerium oleander,Ref.,Betulinic acid,Yes
Plantae,Clusiaceae/Clusiaceae-Guttiferae,Garcinia dulcis,Ref.,Betulinic acid,Yes
Plantae,Dilleniaceae,Dillenia serrata,Ref.,Betulinic acid,Yes
Plantae,Ebenaceae,Diospyros chloroxylon,Ref.,Betulinic acid,Yes
Plantae,Ebenaceae,Diospyros diepenhorstii,Ref.,Betulinic acid,Yes
Plantae,Ebenaceae,Diospyros embryopteris,Ref.,Betulinic acid,Yes
Plantae,Ebenaceae,Diospyros melanoxylon,Ref.,Betulinic acid,Yes
Plantae,Ebenaceae,Diospyros montana,Ref.,Betulinic acid,Yes
Plantae,Ericaceae,Rhododendron arboreum,Ref.,Betulinic acid,Yes
Plantae,Fabaceae,Glycyrrhiza glabra,Ref.,Betulinic acid,Yes
Plantae,Fabaceae,Pongamia pinnata,Ref.,Betulinic acid,Yes
Plantae,Labiatae,Ocimum basilicum,Ref.,Betulinic acid,Yes
Plantae,Labiatae,Orthosiphon stamineus,Ref.,Betulinic acid,Yes
Plantae,Labiatae,Thymus vulgaris,Ref.,Betulinic acid,Yes
Plantae,Lythraceae,Punica granatum,Ref.,Betulinic acid,Yes
Plantae,Malvaceae,Adansonia digitata,Ref.,Betulinic acid,Yes
Plantae,Moraceae,Morus alba,Ref.,Betulinic acid,Yes
Plantae,Moraceae,Morus australis,Ref.,Betulinic acid,Yes
Plantae,Myrtaceae,Melaleuca leucadendron,Ref.,Betulinic acid,Yes
Plantae,Myrtaceae,Syzygium cumini,Ref.,Betulinic acid,Yes
Plantae,Phyllanthaceae,Phyllanthus reticulatus,Ref.,Betulinic acid,Yes
Plantae,Rutaceae,Aegle marmelos,Ref.,Betulinic acid,Yes
Plantae,Caricaceae,Carica papaya,Ref.,Cinnamaldehyde,Yes
Plantae,Labiatae,Pogostemon cablin,Ref.,Cinnamaldehyde,Yes
Plantae,Lauraceae,Cinnamomum cassia,Ref.,Cinnamaldehyde,Yes
Plantae,Lauraceae,Cinnamomum zeylanicum,Ref.,Cinnamaldehyde,Yes
Plantae,Solanaceae,Nicotiana tabacum,Ref.,Cinnamaldehyde,Yes
Plantae,Zingiberaceae,Curcuma longa,Ref.,Cinnamaldehyde,Yes
Plantae,Lauraceae,Cinnamomum cassia,Ref.,Cinnamyl acetate,Yes
Plantae,Myrtaceae,Psidium guajava,Ref.,Cinnamyl acetate,Yes
Plantae,Annonaceae,Rollinia mucosa,Ref.,Berberine,Yes
Plantae,Berberidaceae,Berberis aristata,Ref.,Berberine,Yes
Plantae,Papaveraceae,Papaver somniferum,Ref.,Berberine,Yes
Plantae,Anacardiaceae,Mangifera indica,Ref.,Cuminaldehyde,Yes
Plantae,Apiaceae,Cuminum cyminum L.,Ref.,Cuminaldehyde,Yes
Plantae,Apiaceae,Foeniculum vulgare,Ref.,Cuminaldehyde,Yes
Plantae,Cyperaceae,Cyperus rotundus L.,Ref.,Cuminaldehyde,Yes
Plantae,Fabaceae,Cassia fistula,Ref.,Cuminaldehyde,Yes
Plantae,Myrtaceae,Eucalyptus globulus,Ref.,Cuminaldehyde,Yes
Plantae,Rutaceae,Clausena excavata,Ref.,Cuminaldehyde,Yes
Plantae,Solanaceae,Nicotiana tabacum,Ref.,Cuminaldehyde,Yes
Plantae,Acanthaceae,Andrographis paniculata,Ref.,Apigenin,Yes
Plantae,Labiatae,Ocimum basilicum L.,Ref.,Apigenin,Yes
Plantae,Passifloraceae,Passiflora foetida,Ref.,Apigenin,Yes
Plantae,Zingiberaceae,Zingiber officinale,Ref.,Apigenin,Yes
Plantae,Malvaceae,Durio zibethinus,Ref.,Ethyl cinnamate,Yes
Plantae,Asteraceae,Carthamus tinctorius,Ref.,Kaempferol,Yes
Plantae,Malvaceae,Abelmoschus moschatus,Ref.,Farnesol,Yes
Plantae,Malvaceae,Hibiscus abelmoschus,Ref.,Farnesol,Yes
Plantae,Meliaceae,Azadirachta indica,Ref.,Farnesol,Yes
Plantae,Myrtaceae,Psidium guajava,Ref.,Farnesol,Yes
Plantae,Santalaceae,Santalum album,Ref.,Farnesol,Yes
Plantae,Solanaceae,Nicotiana tabacum,Ref.,Farnesol,Yes
Plantae,Solanaceae,Solanum lycopersicum,Ref.,Farnesol,Yes
Plantae,Zingiberaceae,Curcuma zedoaria,Ref.,Farnesol,Yes
Plantae,Zingiberaceae,Zingiber officinale,Ref.,Farnesol,Yes
Fungi,Ganodermataceae,Ganoderma lucidum,Ref.,Fenchone,Yes
Plantae,Apiaceae,Apium graveolens,Ref.,Fenchone,Yes
Plantae,Apiaceae,Foeniculum vulgare,Ref.,Fenchone,Yes
Plantae,Asteraceae,Blumea lacera,Ref.,Fenchone,Yes
Plantae,Labiatae,Ocimum basilicum,Ref.,Fenchone,Yes
Plantae,Lauraceae,Cinnamomum camphora,Ref.,Fenchone,Yes
Plantae,Ranunculaceae,Nigella sativa L,Ref.,Fenchone,Yes
Plantae,Acoraceae,Acorus calamus,Ref.,Geraniol,Yes
Plantae,Alliaceae,Allium sativum,Ref.,Geraniol,Yes
Plantae,Anacardiaceae,Mangifera indica,Ref.,Geraniol,Yes
Plantae,Apiaceae,Daucus carota,Ref.,Geraniol,Yes
Plantae,Apocynaceae,Catharanthus roseus,Ref.,Geraniol,Yes
Plantae,Caricaceae,Carica papaya,Ref.,Geraniol,Yes
Plantae,Clusiaceae/Clusiaceae-Guttiferae,Garcinia dulcis,Ref.,Geraniol,Yes
Plantae,Labiatae,Ocimum basilicum,Ref.,Geraniol,Yes
Plantae,Labiatae,Ocimum sanctum,Ref.,Geraniol,Yes
Plantae,Labiatae,Thymus vulgaris,Ref.,Geraniol,Yes
Plantae,Lauraceae,Cinnamomum camphora,Ref.,Geraniol,Yes
Plantae,Lauraceae,Litsea cubeba,Ref.,Geraniol,Yes
Plantae,Malvaceae,Abutilon indicum,Ref.,Geraniol,Yes
Plantae,Myrtaceae,Psidium guajava,Ref.,Geraniol,Yes
Plantae,Poaceae,Cymbopogon citratus,Ref.,Geraniol,Yes
Plantae,Rosaceae,Rosa damascena,Ref.,Geraniol,Yes
Plantae,Rutaceae,Citrus aurantifolia,Ref.,Geraniol,Yes
Plantae,Rutaceae,Citrus aurantium,Ref.,Geraniol,Yes
Plantae,Rutaceae,Citrus medica,Ref.,Geraniol,Yes
Plantae,Rutaceae,Murraya paniculata,Ref.,Geraniol,Yes
Plantae,Santalaceae,Santalum album,Ref.,Geraniol,Yes
Plantae,Solanaceae,Nicotiana tabacum,Ref.,Geraniol,Yes
Plantae,Solanaceae,Solanum lycopersicum,Ref.,Geraniol,Yes
Plantae,Theaceae,Camellia sinensis,Ref.,Geraniol,Yes
Plantae,Verbenaceae,Lantana camara L.,Ref.,Geraniol,Yes
Plantae,Zingiberaceae,Curcuma mangga,Ref.,Geraniol,Yes
Plantae,Zingiberaceae,Zingiber officinale,Ref.,Geraniol,Yes
-,-,Baeckea frutescens L.,Ref.,Geraniol,Yes
Plantae,Calophyllaceae/Clusiaceae/Clusiaceae-Guttiferae,Calophyllum inophyllum,Ref.,Friedelin,Yes
Plantae,Clusiaceae/Clusiaceae-Guttiferae,Garcinia dulcis,Ref.,Friedelin,Yes
Plantae,Crassulaceae,Kalanchoe daigremontiana,Ref.,Friedelin,Yes
Plantae,Fabaceae,Cassia siamea Lamk.,Ref.,Friedelin,Yes
Plantae,Labiatae,Vitex trifolia,Ref.,Friedelin,Yes
Plantae,Malvaceae,Adansonia digitata,Ref.,Friedelin,Yes
Plantae,Myrtaceae,Syzygium cumini,Ref.,Friedelin,Yes
Plantae,Phyllanthaceae,Phyllanthus reticulatus,Ref.,Friedelin,Yes
Plantae,Anacardiaceae,Mangifera indica,Ref.,Heptanal,Yes
Plantae,Santalaceae,Santalum album,Ref.,Heptanal,Yes
Plantae,Solanaceae,Solanum lycopersicum,Ref.,Heptanal,Yes
Plantae,Acanthaceae,Acanthus ilicifolius,Ref.,Isoquercetin,Yes
Plantae,Alliaceae,Allium ascalonicum,Ref.,Isoquercetin,Yes
Plantae,Alliaceae,Allium cepa,Ref.,Isoquercetin,Yes
Plantae,Anacardiaceae,Mangifera indica,Ref.,Isoquercetin,Yes
Plantae,Annonaceae,Annona muricata,Ref.,Isoquercetin,Yes
Plantae,Apiaceae,Foeniculum vulgare,Ref.,Isoquercetin,Yes
Plantae,Asteraceae,Carthamus tinctorius,Ref.,Isoquercetin,Yes
Plantae,Asteraceae,Lactuca indica,Ref.,Isoquercetin,Yes
Plantae,Asteraceae,Zinnia elegans,Ref.,Isoquercetin,Yes
Plantae,Casuarinaceae,Casuarina equisetifolia,Ref.,Isoquercetin,Yes
Plantae,Cucurbitaceae,Cucumis sativus,Ref.,Isoquercetin,Yes
Plantae,Cucurbitaceae,Momordica charantia,Ref.,Isoquercetin,Yes
Plantae,Euphorbiaceae,Pedilanthus tithymaloides,Ref.,Isoquercetin,Yes
Plantae,Euphorbiaceae,Ricinus communis,Ref.,Isoquercetin,Yes
Plantae,Fabaceae,Clitoria ternatea,Ref.,Isoquercetin,Yes
Plantae,Fabaceae,Glycine max,Ref.,Isoquercetin,Yes
Plantae,Fabaceae,Glycyrrhiza glabra L.,Ref.,Isoquercetin,Yes
Plantae,Fabaceae,Phaseolus vulgaris,Ref.,Isoquercetin,Yes
Plantae,Ginkgoaceae,Ginkgo biloba,Ref.,Isoquercetin,Yes
Plantae,Iridaceae,Crocus sativus,Ref.,Isoquercetin,Yes
Plantae,Labiatae,Ocimum basilicum,Ref.,Isoquercetin,Yes
Plantae,Lythraceae,Punica granatum,Ref.,Isoquercetin,Yes
Plantae,Malvaceae,Abelmoschus manihot,Ref.,Isoquercetin,Yes
Plantae,Malvaceae,Gossypium herbaceum,Ref.,Isoquercetin,Yes
Plantae,Malvaceae,Hibiscus mutabilis,Ref.,Isoquercetin,Yes
Plantae,Moraceae,Morus alba,Ref.,Isoquercetin,Yes
Plantae,Moringaceae,Moringa oleifera,Ref.,Isoquercetin,Yes
Plantae,Musaceae,Musa acuminata,Ref.,Isoquercetin,Yes
Plantae,Myrtaceae,Psidium guajava,Ref.,Isoquercetin,Yes
Plantae,Nelumbonaceae,Nelumbo nucifera,Ref.,Isoquercetin,Yes
Plantae,Phyllanthaceae,Phyllanthus acidus,Ref.,Isoquercetin,Yes
Plantae,Phyllanthaceae,Phyllanthus emblica,Ref.,Isoquercetin,Yes
Plantae,Phyllanthaceae,Phyllanthus niruri,Ref.,Isoquercetin,Yes
Plantae,Poaceae,Cymbopogon citratus,Ref.,Isoquercetin,Yes
Plantae,Poaceae,Oryza sativa,Ref.,Isoquercetin,Yes
Plantae,Solanaceae,Capsicum annuum,Ref.,Isoquercetin,Yes
Plantae,Solanaceae,Nicotiana tabacum,Ref.,Isoquercetin,Yes
Plantae,Solanaceae,Solanum lycopersicum,Ref.,Isoquercetin,Yes
Plantae,Solanaceae,Solanum tuberosum L.,Ref.,Isoquercetin,Yes
Plantae,Theaceae,Camellia sinensis,Ref.,Isoquercetin,Yes
Plantae,Zingiberaceae,Curcuma mangga,Ref.,Isoquercetin,Yes
Plantae,Zingiberaceae,Etlingera elatior,Ref.,Isoquercetin,Yes
Plantae,Acoraceae,Acorus calamus,Ref.,Beta-ocimene,Yes
Plantae,Anacardiaceae,Anacardium occidentale,Ref.,Beta-ocimene,Yes
Plantae,Anacardiaceae,Mangifera indica,Ref.,Beta-ocimene,Yes
Plantae,Annonaceae,Annona squamosa,Ref.,Beta-ocimene,Yes
Plantae,Apiaceae,Apium graveolens,Ref.,Beta-ocimene,Yes
Plantae,Apiaceae,Daucus carota,Ref.,Beta-ocimene,Yes
Plantae,Apiaceae,Foeniculum vulgare,Ref.,Beta-ocimene,Yes
Plantae,Caricaceae,Carica papaya,Ref.,Beta-ocimene,Yes
Plantae,Clusiaceae/Clusiaceae-Guttiferae,Garcinia dulcis,Ref.,Beta-ocimene,Yes
Plantae,Labiatae,Ocimum basilicum,Ref.,Beta-ocimene,Yes
Plantae,Labiatae,Ocimum gratissimum,Ref.,Beta-ocimene,Yes
Plantae,Labiatae,Thymus vulgaris,Ref.,Beta-ocimene,Yes
Plantae,Lauraceae,Litsea cubeba,Ref.,Beta-ocimene,Yes
Plantae,Myrtaceae,Melaleuca leucadendra L.,Ref.,Beta-ocimene,Yes
Plantae,Myrtaceae,Psidium guajava,Ref.,Beta-ocimene,Yes
Plantae,Piperaceae,Piper nigrum,Ref.,Beta-ocimene,Yes
Plantae,Poaceae,Cymbopogon citratus,Ref.,Beta-ocimene,Yes
Plantae,Rutaceae,Citrus aurantium,Ref.,Beta-ocimene,Yes
Plantae,Rutaceae,Clausena excavata,Ref.,Beta-ocimene,Yes
Plantae,Rutaceae,Murraya paniculata,Ref.,Beta-ocimene,Yes
Plantae,Theaceae,Camellia sinensis,Ref.,Beta-ocimene,Yes
Plantae,Zingiberaceae,Curcuma amada,Ref.,Beta-ocimene,Yes
Plantae,Zingiberaceae,Curcuma mangga,Ref.,Beta-ocimene,Yes
Plantae,Zingiberaceae,Zingiber officinale,Ref.,Beta-ocimene,Yes
Plantae,Clusiaceae/Clusiaceae-Guttiferae,Garcinia cowa,Ref.,Garcinone a,Yes
Plantae,Clusiaceae/Clusiaceae-Guttiferae,Garcinia mangostana,Ref.,Garcinone c,Yes
Plantae,Clusiaceae/Clusiaceae-Guttiferae,Garcinia dulcis,Ref.,Garcinone d,Yes
Plantae,Clusiaceae/Clusiaceae-Guttiferae,Garcinia mangostana,Ref.,Garcinone d,Yes
Plantae,Clusiaceae/Clusiaceae-Guttiferae,Garcinia mangostana,Ref.,Garcinone e,Yes
Plantae,Clusiaceae/Clusiaceae-Guttiferae,Garcinia dulcis,Ref.,Gartanin,Yes
Plantae,Clusiaceae/Clusiaceae-Guttiferae,Garcinia mangostana,Ref.,Gartanin,Yes
Plantae,Alliaceae,Allium cepa,Ref.,Arabinose,Yes
Plantae,Myrtaceae,Psidium guajava,Ref.,Arabinose,Yes
Plantae,Cucurbitaceae,Cucumis sativus,Ref.,Cucurbitacin c,Yes
Plantae,Acanthaceae,Ruellia tuberosa,Ref.,Campesterol,Yes
Plantae,Apiaceae,Apium graveolens,Ref.,Campesterol,Yes
Plantae,Asteraceae,Helianthus annuus,Ref.,Campesterol,Yes
Plantae,Boraginaceae,Heliotropium indicum,Ref.,Campesterol,Yes
Plantae,Cruciferae,Brassica oleracea,Ref.,Campesterol,Yes
Plantae,Fabaceae,Glycine ma,Ref.,Campesterol,Yes
Plantae,Fabaceae,Glycine max,Ref.,Campesterol,Yes
Plantae,Fabaceae,Prosopis spicigera,Ref.,Campesterol,Yes
Plantae,Lythraceae,Punica granatum,Ref.,Campesterol,Yes
Plantae,Malvaceae,Sida rhombifolia,Ref.,Campesterol,Yes
Plantae,Meliaceae,Azadirachta indica,Ref.,Campesterol,Yes
Plantae,Myrtaceae,Syzygium aromaticum,Ref.,Campesterol,Yes
Plantae,Oxalidaceae,Averrhoa carambola,Ref.,Campesterol,Yes
Plantae,Palmae,Cocos nucifera,Ref.,Campesterol,Yes
Plantae,Poaceae,Oryza sativa,Ref.,Campesterol,Yes
Plantae,Rubiaceae,Paederia foetida,Ref.,Campesterol,Yes
Plantae,Solanaceae,Nicotiana tabacum,Ref.,Campesterol,Yes
Plantae,Solanaceae,Solanum lycopersicum,Ref.,Campesterol,Yes
Plantae,Solanaceae,Solanum tuberosum,Ref.,Campesterol,Yes
Plantae,Annonaceae,Annona muricata,Ref.,Emodin,Yes
Plantae,Fabaceae,Cassia alata L.,Ref.,Emodin,Yes
Plantae,Fabaceae,Cassia angustifolia,Ref.,Emodin,Yes
Plantae,Fabaceae,Cassia javanica,Ref.,Emodin,Yes
Plantae,Fabaceae,Cassia occidentalis,Ref.,Emodin,Yes
Plantae,Fabaceae,Cassia tora L.,Ref.,Emodin,Yes
Plantae,Fabaceae,Senna alata,Ref.,Emodin,Yes
Plantae,Fabaceae,Senna sophera,Ref.,Emodin,Yes
Plantae,Fabaceae,Senna tora,Ref.,Emodin,Yes
Plantae,Polygonaceae,Rheum palmatum,Ref.,Emodin,Yes
Plantae,Polygonaceae,Rumex nepalensis,Ref.,Emodin,Yes
Plantae,Anacardiaceae,Mangifera indica,Ref.,2-heptadecanone,Yes
Plantae,Santalaceae,Santalum album,Ref.,2-heptadecanone,Yes
Plantae,Rutaceae,Murraya paniculata,Ref.,2-phenylethyl benzoate,Yes
Plantae,Anacardiaceae,Mangifera indica,Ref.,3-carene,Yes
Plantae,Apiaceae,Apium graveolens,Ref.,3-carene,Yes
Plantae,Apiaceae,Foeniculum vulgare,Ref.,3-carene,Yes
Plantae,Labiatae,Ocimum basilicum,Ref.,3-carene,Yes
Plantae,Labiatae,Thymus vulgaris,Ref.,3-carene,Yes
Plantae,Lauraceae,Cinnamomum camphora,Ref.,3-carene,Yes
Plantae,Rutaceae,Citrus aurantium,Ref.,3-carene,Yes
Plantae,Solanaceae,Solanum lycopersicum,Ref.,3-carene,Yes
Plantae,Theaceae,Camellia sinensis,Ref.,3-carene,Yes
Plantae,Valerianaceae/Linnaeaceae/Dipsacaceae/Diervillaceae,Valeriana officinalis,Ref.,3-carene,Yes
Plantae,Zingiberaceae,Curcuma amada,Ref.,3-carene,Yes
Plantae,Zingiberaceae,Curcuma longa,Ref.,3-carene,Yes
Plantae,Zingiberaceae,Zingiber officinale,Ref.,3-carene,Yes
Plantae,Zingiberaceae,Zingiber zerumbet Smith,Ref.,3-carene,Yes
Plantae,Anacardiaceae,Mangifera indica,Ref.,3-hexen-1-ol,Yes
Plantae,Asteraceae,Helianthus annuus,Ref.,3-hexen-1-ol,Yes
Plantae,Caricaceae,Carica papaya,Ref.,3-hexen-1-ol,Yes
Plantae,Rutaceae,Murraya paniculata,Ref.,3-hexen-1-ol,Yes
Plantae,Solanaceae,Capsicum annuum,Ref.,3-hexen-1-ol,Yes
Plantae,Solanaceae,Solanum lycopersicum,Ref.,3-hexen-1-ol,Yes
Plantae,Labiatae,Ocimum basilicum,Ref.,A-cadinene,Yes
Plantae,Labiatae,Thymus vulgaris,Ref.,A-cadinene,Yes
Plantae,Rutaceae,Murraya paniculata,Ref.,A-cadinene,Yes
Plantae,Zingiberaceae,Zingiber officinale,Ref.,A-cadinene,Yes
Plantae,Acanthaceae,Strobilanthes crispus,Ref.,A-cadinol,Yes
Plantae,Acoraceae,Acorus calamus,Ref.,A-cadinol,Yes
Plantae,Anacardiaceae,Mangifera indica,Ref.,A-cadinol,Yes
Plantae,Annonaceae,Annona squamosa,Ref.,A-cadinol,Yes
Plantae,Annonaceae,Polyalthia cerasoides,Ref.,A-cadinol,Yes
Plantae,Apiaceae,Apium graveolens,Ref.,A-cadinol,Yes
Plantae,Apiaceae,Foeniculum vulgare,Ref.,A-cadinol,Yes
Plantae,Fabaceae,Caesalpinia pulcherrima,Ref.,A-cadinol,Yes
Plantae,Fabaceae,Pongamia pinnata,Ref.,A-cadinol,Yes
Plantae,Labiatae,Mentha arvensis L.,Ref.,A-cadinol,Yes
Plantae,Labiatae,Ocimum basilicum,Ref.,A-cadinol,Yes
Plantae,Meliaceae,Melia azadirach,Ref.,A-cadinol,Yes
Plantae,Myrtaceae,Melaleuca leucadendra L.,Ref.,A-cadinol,Yes
Plantae,Myrtaceae,Psidium guajava,Ref.,A-cadinol,Yes
Plantae,Oleaceae,Jasminum sambac,Ref.,A-cadinol,Yes
Plantae,Piperaceae,Piper nigrum,Ref.,A-cadinol,Yes
Plantae,Rutaceae,Clausena excavata,Ref.,A-cadinol,Yes
Plantae,Rutaceae,Murraya paniculata,Ref.,A-cadinol,Yes
Plantae,Solanaceae,Solanum tuberosum,Ref.,A-cadinol,Yes
Plantae,Theaceae,Camellia sinensis,Ref.,A-cadinol,Yes
Plantae,Zingiberaceae,Curcuma aeruginosa,Ref.,A-cadinol,Yes
Plantae,Zingiberaceae,Curcuma mangga,Ref.,A-cadinol,Yes
Plantae,Zingiberaceae,Curcuma zedoaria,Ref.,A-cadinol,Yes
Plantae,Zingiberaceae,Zingiber officinale,Ref.,A-cadinol,Yes
Plantae,Acoraceae,Acorus calamus,Ref.,A-humulene,Yes
Plantae,Anacardiaceae,Mangifera indica,Ref.,A-humulene,Yes
Plantae,Annonaceae,Annona squamosa,Ref.,A-humulene,Yes
Plantae,Annonaceae,Cananga odorata,Ref.,A-humulene,Yes
Plantae,Annonaceae,Polyalthia cerasoides,Ref.,A-humulene,Yes
Plantae,Apiaceae,Apium graveolens,Ref.,A-humulene,Yes
Plantae,Apiaceae,Daucus carota,Ref.,A-humulene,Yes
Plantae,Apiaceae,Foeniculum vulgare,Ref.,A-humulene,Yes
Plantae,Araliaceae,Centella asiatica,Ref.,A-humulene,Yes
Plantae,Asteraceae,Helianthus annuus,Ref.,A-humulene,Yes
Plantae,Caricaceae,Carica papaya,Ref.,A-humulene,Yes
Plantae,Cyperaceae,Cyperus rotundus L.,Ref.,A-humulene,Yes
Plantae,Labiatae,Ocimum basilicum,Ref.,A-humulene,Yes
Plantae,Labiatae,Ocimum gratissimum,Ref.,A-humulene,Yes
Plantae,Labiatae,Thymus vulgaris,Ref.,A-humulene,Yes
Plantae,Lauraceae,Cinnamomum camphora,Ref.,A-humulene,Yes
Plantae,Lauraceae,Litsea cubeba,Ref.,A-humulene,Yes
Plantae,Meliaceae,Azadirachta indica,Ref.,A-humulene,Yes
Plantae,Myrtaceae,Psidium guajava,Ref.,A-humulene,Yes
Plantae,Myrtaceae,Syzygium aromaticum,Ref.,A-humulene,Yes
Plantae,Piperaceae,Piper nigrum,Ref.,A-humulene,Yes
Plantae,Rutaceae,Citrus aurantifolia,Ref.,A-humulene,Yes
Plantae,Rutaceae,Citrus aurantium,Ref.,A-humulene,Yes
Plantae,Rutaceae,Clausena excavata,Ref.,A-humulene,Yes
Plantae,Rutaceae,Murraya paniculata,Ref.,A-humulene,Yes
Plantae,Solanaceae,Solanum lycopersicum,Ref.,A-humulene,Yes
Plantae,Solanaceae,Solanum tuberosum,Ref.,A-humulene,Yes
Plantae,Valerianaceae/Linnaeaceae/Dipsacaceae/Diervillaceae,Valeriana officinalis,Ref.,A-humulene,Yes
Plantae,Zingiberaceae,Curcuma aeruginosa,Ref.,A-humulene,Yes
Plantae,Zingiberaceae,Curcuma longa,Ref.,A-humulene,Yes
Plantae,Zingiberaceae,Curcuma mangga,Ref.,A-humulene,Yes
Plantae,Zingiberaceae,Curcuma zedoaria,Ref.,A-humulene,Yes
Plantae,Zingiberaceae,Zingiber officinale,Ref.,A-humulene,Yes
Plantae,Zingiberaceae,Zingiber zerumbet Smith,Ref.,A-humulene,Yes
Plantae,Euphorbiaceae,Ricinus communis,Ref.,Corilagin,Yes
Plantae,Lythraceae,Punica granatum,Ref.,Corilagin,Yes
Plantae,Phyllanthaceae,Phyllanthus emblica,Ref.,Corilagin,Yes
Plantae,Phyllanthaceae,Phyllanthus urinaria,Ref.,Corilagin,Yes
Plantae,Acanthaceae,Clinacanthus nutans,Ref.,Tetrahydroxyflavone,Yes
Plantae,Araceae,Colocasia esculenta,Ref.,Tetrahydroxyflavone,Yes
Plantae,Cucurbitaceae,Cucumis sativus,Ref.,Tetrahydroxyflavone,Yes
Plantae,Fabaceae,Tamarindus indica,Ref.,Tetrahydroxyflavone,Yes
Plantae,Fabaceae,Trigonella foenum-graecum,Ref.,Tetrahydroxyflavone,Yes
Plantae,Poaceae,Cymbopogon citratus,Ref.,Tetrahydroxyflavone,Yes
Plantae,Alliaceae,Allium cepa,Ref.,Oleanolic acid,Yes
Plantae,Amaranthaceae,Achyranthes aspera,Ref.,Oleanolic acid,Yes
Plantae,Apiaceae,Foeniculum vulgare,Ref.,Oleanolic acid,Yes
Plantae,Apocynaceae,Catharanthus roseus,Ref.,Oleanolic acid,Yes
Plantae,Apocynaceae,Nerium oleander,Ref.,Oleanolic acid,Yes
Plantae,Convallariaceae,Ophiopogon japonicus,Ref.,Oleanolic acid,Yes
Plantae,Cucurbitaceae,Momordica cochinchinensis,Ref.,Oleanolic acid,Yes
Plantae,Dipterocarpaceae,Dryobalanops aromatica,Ref.,Oleanolic acid,Yes
Plantae,Ebenaceae,Diospyros melanoxylon,Ref.,Oleanolic acid,Yes
Plantae,Ebenaceae,Diospyros montana,Ref.,Oleanolic acid,Yes
Plantae,Fabaceae,Cassia siamea Lamk.,Ref.,Oleanolic acid,Yes
Plantae,Labiatae,Ocimum basilicum,Ref.,Oleanolic acid,Yes
Plantae,Labiatae,Orthosiphon stamineus,Ref.,Oleanolic acid,Yes
Plantae,Labiatae,Thymus vulgaris,Ref.,Oleanolic acid,Yes
Plantae,Lamiaceae,Coleus aromaticus,Ref.,Oleanolic acid,Yes
Plantae,Longaniaceae,Strychnos potatorum,Ref.,Oleanolic acid,Yes
Plantae,Myrtaceae,Syzygium aromatica,Ref.,Oleanolic acid,Yes
Plantae,Myrtaceae,Syzygium aromaticum,Ref.,Oleanolic acid,Yes
Plantae,Myrtaceae,Syzygium cumini,Ref.,Oleanolic acid,Yes
Plantae,Onagraceae,Ludwigia octovalvis,Ref.,Oleanolic acid,Yes
Plantae,Phyllanthaceae,Phyllanthus urinaria,Ref.,Oleanolic acid,Yes
Plantae,Plantaginaceae,Plantago major,Ref.,Oleanolic acid,Yes
Plantae,Rubiaceae,Morinda citrifolia L.,Ref.,Oleanolic acid,Yes
Plantae,Rubiaceae,Paederia scandens,Ref.,Oleanolic acid,Yes
Plantae,Acoraceae,Acorus calamus,Ref.,P-coumaric acid,Yes
Plantae,Alliaceae,Allium sativum,Ref.,P-coumaric acid,Yes
Plantae,Anacardiaceae,Mangifera indica,Ref.,P-coumaric acid,Yes
Plantae,Annonaceae,Annona muricata,Ref.,P-coumaric acid,Yes
Plantae,Apiaceae,Apium graveolens,Ref.,P-coumaric acid,Yes
Plantae,Apiaceae,Daucus carota,Ref.,P-coumaric acid,Yes
Plantae,Apiaceae,Foeniculum vulgare,Ref.,P-coumaric acid,Yes
Plantae,Asphodelaceae,Aloe vera,Ref.,P-coumaric acid,Yes
Plantae,Bromeliaceae,Ananas comosus,Ref.,P-coumaric acid,Yes
Plantae,Caricaceae,Carica papaya,Ref.,P-coumaric acid,Yes
Plantae,Crassulaceae,Bryophyllum pinnatum,Ref.,P-coumaric acid,Yes
Plantae,Cruciferae,Raphanus sativus,Ref.,P-coumaric acid,Yes
Plantae,Cucurbitaceae,Cucumis sativus,Ref.,P-coumaric acid,Yes
Plantae,Cucurbitaceae,Momordica charantia,Ref.,P-coumaric acid,Yes
Plantae,Cyperaceae,Cyperus rotundus L.,Ref.,P-coumaric acid,Yes
Plantae,Fabaceae,Glycine max,Ref.,P-coumaric acid,Yes
Plantae,Fabaceae,Phaseolus vulgaris,Ref.,P-coumaric acid,Yes
Plantae,Ginkgoaceae,Ginkgo biloba,Ref.,P-coumaric acid,Yes
Plantae,Iridaceae,Crocus sativus,Ref.,P-coumaric acid,Yes
Plantae,Labiatae,Ocimum basilicum,Ref.,P-coumaric acid,Yes
Plantae,Labiatae,Ocimum sanctum,Ref.,P-coumaric acid,Yes
Plantae,Labiatae,Thymus vulgaris,Ref.,P-coumaric acid,Yes
Plantae,Lythraceae,Lawsonia inermis,Ref.,P-coumaric acid,Yes
Plantae,Lythraceae,Punica granatum,Ref.,P-coumaric acid,Yes
Plantae,Moraceae,Morus alba,Ref.,P-coumaric acid,Yes
Plantae,Moringaceae,Moringa oleifera,Ref.,P-coumaric acid,Yes
Plantae,Myrtaceae,Psidium guajava,Ref.,P-coumaric acid,Yes
Plantae,Palmae,Cocos nucifera,Ref.,P-coumaric acid,Yes
Plantae,Plantaginaceae,Plantago major,Ref.,P-coumaric acid,Yes
Plantae,Poaceae,Cymbopogon citratus,Ref.,P-coumaric acid,Yes
Plantae,Poaceae,Oryza sativa,Ref.,P-coumaric acid,Yes
Plantae,Poaceae,Zea mays,Ref.,P-coumaric acid,Yes
Plantae,Solanaceae,Capsicum annuum,Ref.,P-coumaric acid,Yes
Plantae,Solanaceae,Nicotiana tabacum,Ref.,P-coumaric acid,Yes
Plantae,Solanaceae,Solanum lycopersicum,Ref.,P-coumaric acid,Yes
Plantae,Solanaceae,Solanum tuberosum,Ref.,P-coumaric acid,Yes
Plantae,Zingiberaceae,Curcuma domestica,Ref.,P-coumaric acid,Yes
Plantae,Zingiberaceae,Curcuma longa,Ref.,P-coumaric acid,Yes
Plantae,Zingiberaceae,Curcuma mangga,Ref.,P-coumaric acid,Yes
Plantae,Anacardiaceae,Mangifera indica,Ref.,Palmitoleic acid,Yes
Plantae,Calophyllaceae/Clusiaceae/Clusiaceae-Guttiferae,Calophyllum inophyllum,Ref.,Palmitoleic acid,Yes
Plantae,Caricaceae,Carica papaya,Ref.,Palmitoleic acid,Yes
Plantae,Fabaceae,Phaseolus vulgaris,Ref.,Palmitoleic acid,Yes
Plantae,Labiatae,Vitex trifolia,Ref.,Palmitoleic acid,Yes
Plantae,Lythraceae,Punica granatum,Ref.,Palmitoleic acid,Yes
Plantae,Solanaceae,Capsicum annuum,Ref.,Palmitoleic acid,Yes
Plantae,Solanaceae,Nicotiana tabacum,Ref.,Palmitoleic acid,Yes
Plantae,Solanaceae,Solanum tuberosum,Ref.,Palmitoleic acid,Yes
Plantae,Zingiberaceae,Zingiber officinale,Ref.,Palmitoleic acid,Yes
Plantae,Anacardiaceae,Mangifera indica,Ref.,Palmitic acid,Yes
Plantae,Annonaceae,Annona squamosa,Ref.,Palmitic acid,Yes
Plantae,Apiaceae,Foeniculum vulgare,Ref.,Palmitic acid,Yes
Plantae,Asteraceae,Helianthus annuus,Ref.,Palmitic acid,Yes
Plantae,Calophyllaceae/Clusiaceae/Clusiaceae-Guttiferae,Calophyllum inophyllum,Ref.,Palmitic acid,Yes
Plantae,Caricaceae,Carica papaya,Ref.,Palmitic acid,Yes
Plantae,Caryophyllaceae,Drymaria cordata,Ref.,Palmitic acid,Yes
Plantae,Clusiaceae/Clusiaceae-Guttiferae,Garcinia dulcis,Ref.,Palmitic acid,Yes
Plantae,Euphorbiaceae,Aleurites moluccana,Ref.,Palmitic acid,Yes
Plantae,Fabaceae,Cassia alata,Ref.,Palmitic acid,Yes
Plantae,Ginkgoaceae,Ginkgo biloba,Ref.,Palmitic acid,Yes
Plantae,Labiatae,Ocimum basilicum,Ref.,Palmitic acid,Yes
Plantae,Lythraceae,Punica granatum,Ref.,Palmitic acid,Yes
Plantae,Malvaceae,Abutilon indicum,Ref.,Palmitic acid,Yes
Plantae,Oxalidaceae,Averrhoa carambola,Ref.,Palmitic acid,Yes
Plantae,Rutaceae,Aegle marmelos,Ref.,Palmitic acid,Yes
Plantae,Rutaceae,Citrus aurantifolia,Ref.,Palmitic acid,Yes
Plantae,Rutaceae,Murraya paniculata,Ref.,Palmitic acid,Yes
Plantae,Santalaceae,Santalum album,Ref.,Palmitic acid,Yes
Plantae,Solanaceae,Capsicum annuum,Ref.,Palmitic acid,Yes
Plantae,Solanaceae,Nicotiana tabacum,Ref.,Palmitic acid,Yes
Plantae,Solanaceae,Solanum lycopersicum,Ref.,Palmitic acid,Yes
Plantae,Solanaceae,Solanum tuberosum,Ref.,Palmitic acid,Yes
Plantae,Valerianaceae/Linnaeaceae/Dipsacaceae/Diervillaceae,Valeriana officinalis,Ref.,Palmitic acid,Yes
Plantae,Verbenaceae,Lantana camara,Ref.,Palmitic acid,Yes
Plantae,Zingiberaceae,Curcuma longa,Ref.,Palmitic acid,Yes
Plantae,Zingiberaceae,Curcuma mangga,Ref.,Palmitic acid,Yes
Plantae,Euphorbiaceae,Ricinus communis,Ref.,Oxalic acid,Yes
Plantae,Fabaceae,Arachis hypogaea,Ref.,Oxalic acid,Yes
Plantae,Fabaceae,Cicer arietinum,Ref.,Oxalic acid,Yes
Plantae,Fabaceae,Phaseolus vulgaris,Ref.,Oxalic acid,Yes
Plantae,Poaceae,Oryza sativa,Ref.,Oxalic acid,Yes
Plantae,Phyllanthaceae,Phyllanthus niruri,Ref.,Nirtetralin,Yes
Plantae,Phyllanthaceae,Phyllanthus urinaria L.,Ref.,Nirtetralin,Yes
Plantae,Phyllanthaceae,Phyllanthus niruri,Ref.,Niranthin,Yes
Plantae,Phyllanthaceae,Phyllanthus urinaria L.,Ref.,Niranthin,Yes
Plantae,Acanthaceae,Strobilanthes crispus,Ref.,N-heptadecane,Yes
Plantae,Alliaceae,Allium cepa,Ref.,N-heptadecane,Yes
Plantae,Fabaceae,Cassia javanica,Ref.,N-heptadecane,Yes
Plantae,Labiatae,Ocimum basilicum,Ref.,N-heptadecane,Yes
Plantae,Oxalidaceae,Averrhoa carambola,Ref.,N-heptadecane,Yes
Plantae,Solanaceae,Solanum lycopersicum,Ref.,N-heptadecane,Yes
Plantae,Solanaceae,Solanum tuberosum,Ref.,N-heptadecane,Yes
Plantae,Cucurbitaceae,Momordica charantia,Ref.,Naringin,Yes
Plantae,Fabaceae,Glycyrrhiza glabra,Ref.,Naringin,Yes
Plantae,Iridaceae,Crocus sativus,Ref.,Naringin,Yes
Plantae,Lythraceae,Punica granatum,Ref.,Naringin,Yes
Plantae,Rutaceae,Citrus aurantium,Ref.,Naringin,Yes
Plantae,Solanaceae,Capsicum annuum,Ref.,Naringin,Yes
Plantae,Solanaceae,Solanum lycopersicum,Ref.,Naringin,Yes
Plantae,Solanaceae,Solanum tuberosum,Ref.,Naringin,Yes
Fungi,Ganodermataceae,Ganoderma lucidum,Ref.,Myristic acid,Yes
Plantae,Anacardiaceae,Mangifera indica,Ref.,Myristic acid,Yes
Plantae,Annonaceae,Annona squamosa,Ref.,Myristic acid,Yes
Plantae,Apiaceae,Apium graveolens,Ref.,Myristic acid,Yes
Plantae,Asteraceae,Carthamus tinctorius,Ref.,Myristic acid,Yes
Plantae,Calophyllaceae/Clusiaceae/Clusiaceae-Guttiferae,Calophyllum inophyllum,Ref.,Myristic acid,Yes
Plantae,Caryophyllaceae,Drymaria cordata,Ref.,Myristic acid,Yes
Plantae,Clusiaceae/Clusiaceae-Guttiferae,Garcinia dulcis,Ref.,Myristic acid,Yes
Plantae,Euphorbiaceae,Croton tiglium,Ref.,Myristic acid,Yes
Plantae,Labiatae,Vitex trifolia,Ref.,Myristic acid,Yes
Plantae,Lythraceae,Punica granatum,Ref.,Myristic acid,Yes
Plantae,Myristicaceae,Myristica fragrans,Ref.,Myristic acid,Yes
Plantae,Oxalidaceae,Averrhoa carambola,Ref.,Myristic acid,Yes
Plantae,Palmae,Areca catechu,Ref.,Myristic acid,Yes
Plantae,Pandanaceae,Pandanus conoideus Lam,Ref.,Myristic acid,Yes
Plantae,Plantaginaceae,Plantago major,Ref.,Myristic acid,Yes
Plantae,Rutaceae,Murraya paniculata,Ref.,Myristic acid,Yes
Plantae,Santalaceae,Santalum album,Ref.,Myristic acid,Yes
Plantae,Solanaceae,Nicotiana tabacum,Ref.,Myristic acid,Yes
Plantae,Solanaceae,Solanum tuberosum,Ref.,Myristic acid,Yes
Plantae,Zingiberaceae,Zingiber officinale,Ref.,Myristic acid,Yes
Plantae,Rutaceae,Murraya paniculata,Ref.,Myricitin,Yes
Plantae,Anacardiaceae,Anacardium occidentale,Ref.,Myrcene,Yes
Plantae,Anacardiaceae,Mangifera indica,Ref.,Myrcene,Yes
Plantae,Annonaceae,Annona squamosa,Ref.,Myrcene,Yes
Plantae,Annonaceae,Cananga odorata,Ref.,Myrcene,Yes
Plantae,Apiaceae,Apium graveolens,Ref.,Myrcene,Yes
Plantae,Apiaceae,Daucus carota,Ref.,Myrcene,Yes
Plantae,Apiaceae,Foeniculum vulgare,Ref.,Myrcene,Yes
Plantae,Asteraceae,Helianthus annuus,Ref.,Myrcene,Yes
Plantae,Caricaceae,Carica papaya,Ref.,Myrcene,Yes
Plantae,Cyperaceae,Cyperus rotundus L.,Ref.,Myrcene,Yes
Plantae,Labiatae,Ocimum basilicum,Ref.,Myrcene,Yes
Plantae,Labiatae,Thymus vulgaris,Ref.,Myrcene,Yes
Plantae,Lamiaceae,Coleus aromaticus,Ref.,Myrcene,Yes
Plantae,Lauraceae,Cinnamomum camphora,Ref.,Myrcene,Yes
Plantae,Lauraceae,Litsea cubeba,Ref.,Myrcene,Yes
Plantae,Lythraceae,Punica granatum,Ref.,Myrcene,Yes
Plantae,Myrtaceae,Melaleuca leucadendra L.,Ref.,Myrcene,Yes
Plantae,Myrtaceae,Psidium guajava,Ref.,Myrcene,Yes
Plantae,Oxalidaceae,Averrhoa carambola,Ref.,Myrcene,Yes
Plantae,Piperaceae,Piper nigrum,Ref.,Myrcene,Yes
Plantae,Poaceae,Cymbopogon citratus,Ref.,Myrcene,Yes
Plantae,Ranunculaceae,Nigella sativa L,Ref.,Myrcene,Yes
Plantae,Rubiaceae,Coffea arabica,Ref.,Myrcene,Yes
Plantae,Rutaceae,Citrus aurantifolia,Ref.,Myrcene,Yes
Plantae,Rutaceae,Citrus aurantium,Ref.,Myrcene,Yes
Plantae,Rutaceae,Citrus hystrix,Ref.,Myrcene,Yes
Plantae,Rutaceae,Citrus medica,Ref.,Myrcene,Yes
Plantae,Rutaceae,Clausena excavata,Ref.,Myrcene,Yes
Plantae,Rutaceae,Murraya paniculata,Ref.,Myrcene,Yes
Plantae,Solanaceae,Solanum lycopersicum,Ref.,Myrcene,Yes
Plantae,Solanaceae,Solanum tuberosum,Ref.,Myrcene,Yes
Plantae,Theaceae,Camellia sinensis,Ref.,Myrcene,Yes
Plantae,Valerianaceae/Linnaeaceae/Dipsacaceae/Diervillaceae,Valeriana officinalis,Ref.,Myrcene,Yes
Plantae,Zingiberaceae,Curcuma aeruginosa,Ref.,Myrcene,Yes
Plantae,Zingiberaceae,Curcuma amada,Ref.,Myrcene,Yes
Plantae,Zingiberaceae,Curcuma longa,Ref.,Myrcene,Yes
Plantae,Zingiberaceae,Curcuma mangga,Ref.,Myrcene,Yes
Plantae,Zingiberaceae,Curcuma xanthorrhiza,Ref.,Myrcene,Yes
Plantae,Zingiberaceae,Zingiber officinale,Ref.,Myrcene,Yes
-,-,Baeckea frutescens L.,Ref.,Myrcene,Yes
Plantae,Cucurbitaceae,Momordica charantia,Ref.,Momordol,Yes
Plantae,Basellaceae,Basella rubra L.,Ref.,Momordin i,Yes
Plantae,Cucurbitaceae,Momordica charantia,Ref.,Momordicilin,Yes
Plantae,Cucurbitaceae,Momordica charantia,Ref.,Momordenol,Yes
Plantae,Acoraceae,Acorus calamus,Ref.,Methyl isoeugenol,Yes
Plantae,Anacardiaceae,Mangifera indica,Ref.,Methyl isoeugenol,Yes
Plantae,Apiaceae,Daucus carota,Ref.,Methyl isoeugenol,Yes
Plantae,Myristicaceae,Myristica fragrans,Ref.,Methyl isoeugenol,Yes
Plantae,Labiatae,Ocimum basilicum,Ref.,Methyl cinnamate,Yes
-,-,Ocimum,Ref.,Methyl cinnamate,Yes
Plantae,Lythraceae,Lagerstroemia indica,Ref.,Petunidin,Yes
Plantae,Moraceae,Morus alba,Ref.,Petunidin,Yes
Plantae,Anacardiaceae,Mangifera indica,Ref.,Rhamnetin,Yes
Plantae,Asteraceae,Blumea balsamifera,Ref.,Rhamnetin,Yes
Plantae,Fabaceae,Acacia catechu,Ref.,Rhamnetin,Yes
Plantae,Labiatae,Pogostemon cablin,Ref.,Rhamnetin,Yes
Plantae,Moringaceae,Moringa oleifera,Ref.,Rhamnetin,Yes
Plantae,Moringaceae,Moringa pterygosperma,Ref.,Rhamnetin,Yes
Plantae,Myrtaceae,Syzygium aromaticum,Ref.,Rhamnetin,Yes
Plantae,Oxalidaceae,Averrhoa carambola,Ref.,Rhamnetin,Yes
Plantae,Apiaceae,Apium graveolens,Ref.,Psoralen,Yes
Plantae,Asphodelaceae,Aloe vera,Ref.,Psoralen,Yes
Plantae,Moraceae,Ficus carica,Ref.,Psoralen,Yes
Plantae,Plumbaginaceae,Plumbago zeylanica,Ref.,Psoralen,Yes
Plantae,Rutaceae,Aegle marmelos,Ref.,Psoralen,Yes
Plantae,Annonaceae,Anomianthus dulcis,Ref.,Laurotetanine,Yes
Plantae,Lauraceae,Litsea cubeba,Ref.,Laurotetanine,Yes
Plantae,Anacardiaceae,Mangifera indica,Ref.,A-terpinene,Yes
Plantae,Apiaceae,Apium graveolens,Ref.,A-terpinene,Yes
Plantae,Apiaceae,Coriandrum sativum,Ref.,A-terpinene,Yes
Plantae,Apiaceae,Cuminum cyminum L.,Ref.,A-terpinene,Yes
Plantae,Apiaceae,Daucus carota,Ref.,A-terpinene,Yes
Plantae,Apiaceae,Foeniculum vulgare,Ref.,A-terpinene,Yes
Plantae,Asteraceae,Helianthus annuus,Ref.,A-terpinene,Yes
Plantae,Caricaceae,Carica papaya,Ref.,A-terpinene,Yes
Plantae,Clusiaceae/Clusiaceae-Guttiferae,Garcinia dulcis,Ref.,A-terpinene,Yes
Plantae,Labiatae,Mentha arvensis L.,Ref.,A-terpinene,Yes
Plantae,Labiatae,Mentha piperita L.,Ref.,A-terpinene,Yes
Plantae,Labiatae,Ocimum basilicum,Ref.,A-terpinene,Yes
Plantae,Labiatae,Ocimum gratissimum,Ref.,A-terpinene,Yes
Plantae,Labiatae,Thymus vulgaris,Ref.,A-terpinene,Yes
Plantae,Lauraceae,Cinnamomum camphora,Ref.,A-terpinene,Yes
Plantae,Meliaceae,Azadirachta indica,Ref.,A-terpinene,Yes
Plantae,Myrtaceae,Melaleuca leucadendra L.,Ref.,A-terpinene,Yes
Plantae,Myrtaceae,Psidium guajava,Ref.,A-terpinene,Yes
Plantae,Piperaceae,Piper nigrum,Ref.,A-terpinene,Yes
Plantae,Rutaceae,Citrus aurantifolia,Ref.,A-terpinene,Yes
Plantae,Rutaceae,Citrus aurantium,Ref.,A-terpinene,Yes
Plantae,Rutaceae,Citrus hystrix,Ref.,A-terpinene,Yes
Plantae,Rutaceae,Murraya paniculata,Ref.,A-terpinene,Yes
Plantae,Solanaceae,Solanum lycopersicum,Ref.,A-terpinene,Yes
Plantae,Theaceae,Camellia sinensis,Ref.,A-terpinene,Yes
Plantae,Valerianaceae/Linnaeaceae/Dipsacaceae/Diervillaceae,Valeriana officinalis,Ref.,A-terpinene,Yes
Plantae,Zingiberaceae,Curcuma amada,Ref.,A-terpinene,Yes
Plantae,Zingiberaceae,Curcuma mangga,Ref.,A-terpinene,Yes
Plantae,Zingiberaceae,Elettaria cardamomum,Ref.,A-terpinene,Yes
Plantae,Zingiberaceae,Zingiber officinale,Ref.,A-terpinene,Yes
-,-,Baeckea frutescens L.,Ref.,A-terpinene,Yes
-,-,Citrus,Ref.,A-terpinene,Yes
-,-,Eucalyptus,Ref.,A-terpinene,Yes
Fungi,Ganodermataceae,Ganoderma lucidum,Ref.,Ylangene,Yes
Plantae,Anacardiaceae,Mangifera indica,Ref.,Ylangene,Yes
Plantae,Annonaceae,Cananga odorata,Ref.,Ylangene,Yes
Plantae,Apiaceae,Apium graveolens,Ref.,Ylangene,Yes
Plantae,Piperaceae,Piper nigrum,Ref.,Ylangene,Yes
Plantae,Rutaceae,Murraya paniculata,Ref.,Ylangene,Yes
Plantae,Solanaceae,Capsicum annuum,Ref.,Ylangene,Yes
Plantae,Valerianaceae/Linnaeaceae/Dipsacaceae/Diervillaceae,Valeriana officinalis,Ref.,Ylangene,Yes
Plantae,Fabaceae,Trigonella foenum-graecum,Ref.,Vicenin,Yes
Plantae,Clusiaceae/Clusiaceae-Guttiferae,Garcinia mangostana,Ref.,Tovophyllin b,Yes
Plantae,Apiaceae,Coriandrum sativum,Ref.,Tetradecanol,Yes
Plantae,Palmae,Cocos nucifera,Ref.,Tetradecanol,Yes
Plantae,Rutaceae,Murraya paniculata,Ref.,Tetradecanol,Yes
Plantae,Anacardiaceae,Mangifera indica,Ref.,Terpinyl acetate,Yes
Plantae,Lauraceae,Cinnamomum camphora,Ref.,Terpinyl acetate,Yes
Plantae,Myrtaceae,Melaleuca leucadendra L.,Ref.,Terpinyl acetate,Yes
Plantae,Piperaceae,Piper nigrum,Ref.,Terpinyl acetate,Yes
Plantae,Rutaceae,Citrus aurantium,Ref.,Terpinyl acetate,Yes
Plantae,Valerianaceae/Linnaeaceae/Dipsacaceae/Diervillaceae,Valeriana officinalis,Ref.,Terpinyl acetate,Yes
Plantae,Zingiberaceae,Curcuma amada,Ref.,Terpinyl acetate,Yes
Plantae,Zingiberaceae,Zingiber officinale,Ref.,Terpinyl acetate,Yes
Plantae,Alliaceae,Allium sativum,Ref.,Terpinolene,Yes
Plantae,Anacardiaceae,Mangifera indica,Ref.,Terpinolene,Yes
Plantae,Annonaceae,Annona squamosa,Ref.,Terpinolene,Yes
Plantae,Annonaceae,Cananga odorata,Ref.,Terpinolene,Yes
Plantae,Apiaceae,Apium graveolens,Ref.,Terpinolene,Yes
Plantae,Apiaceae,Daucus carota,Ref.,Terpinolene,Yes
Plantae,Apiaceae,Foeniculum vulgare,Ref.,Terpinolene,Yes
Plantae,Asteraceae,Helianthus annuus,Ref.,Terpinolene,Yes
Plantae,Caricaceae,Carica papaya,Ref.,Terpinolene,Yes
Plantae,Clusiaceae/Clusiaceae-Guttiferae,Garcinia dulcis,Ref.,Terpinolene,Yes
Plantae,Cyperaceae,Cyperus rotundus L.,Ref.,Terpinolene,Yes
Plantae,Labiatae,Mentha arvensis L.,Ref.,Terpinolene,Yes
Plantae,Labiatae,Mentha piperita L.,Ref.,Terpinolene,Yes
Plantae,Labiatae,Ocimum basilicum,Ref.,Terpinolene,Yes
Plantae,Labiatae,Thymus vulgaris,Ref.,Terpinolene,Yes
Plantae,Lauraceae,Cinnamomum camphora,Ref.,Terpinolene,Yes
Plantae,Lythraceae,Punica granatum,Ref.,Terpinolene,Yes
Plantae,Meliaceae,Melia azadirach,Ref.,Terpinolene,Yes
Plantae,Myrtaceae,Psidium guajava,Ref.,Terpinolene,Yes
Plantae,Piperaceae,Piper nigrum,Ref.,Terpinolene,Yes
Plantae,Rutaceae,Citrus aurantifolia,Ref.,Terpinolene,Yes
Plantae,Rutaceae,Citrus aurantium,Ref.,Terpinolene,Yes
Plantae,Rutaceae,Citrus hystrix,Ref.,Terpinolene,Yes
Plantae,Rutaceae,Clausena excavata,Ref.,Terpinolene,Yes
Plantae,Rutaceae,Murraya paniculata,Ref.,Terpinolene,Yes
Plantae,Solanaceae,Solanum lycopersicum,Ref.,Terpinolene,Yes
Plantae,Theaceae,Camellia sinensis,Ref.,Terpinolene,Yes
Plantae,Valerianaceae/Linnaeaceae/Dipsacaceae/Diervillaceae,Valeriana officinalis,Ref.,Terpinolene,Yes
Plantae,Zingiberaceae,Curcuma longa,Ref.,Terpinolene,Yes
Plantae,Zingiberaceae,Curcuma mangga,Ref.,Terpinolene,Yes
Plantae,Zingiberaceae,Curcuma xanthorrhiza,Ref.,Terpinolene,Yes
-,-,Baeckea frutescens L.,Ref.,Terpinolene,Yes
-,-,Citrus,Ref.,Terpinolene,Yes
-,-,Juniperus,Ref.,Terpinolene,Yes
-,-,Mentha,Ref.,Terpinolene,Yes
Plantae,Anacardiaceae,Mangifera indica,Ref.,Tartaric acid,Yes
Plantae,Fabaceae,Phaseolus vulgaris,Ref.,Tartaric acid,Yes
Plantae,Fabaceae,Tamarindus indica,Ref.,Tartaric acid,Yes
Plantae,Lythraceae,Punica granatum,Ref.,Tartaric acid,Yes
Plantae,Oxalidaceae,Averrhoa carambola,Ref.,Tartaric acid,Yes
Plantae,Fabaceae,Cassia fistula,Ref.,Sterculic acid,Yes
Plantae,Malvaceae,Sterculia foetida,Ref.,Sterculic acid,Yes
Plantae,Rubiaceae,Morinda citrifolia,Ref.,Soranjidiol,Yes
Plantae,Lythraceae,Punica granatum,Ref.,Secoisolariciresinol,Yes
Plantae,Menispermaceae,Tinospora crispa,Ref.,Secoisolariciresinol,Yes
Plantae,Santalaceae,Santalum album L.,Ref.,Secoisolariciresinol,Yes
Plantae,Apiaceae,Apium graveolens,Ref.,Scopoletin,Yes
Plantae,Asteraceae,Helianthus annuus,Ref.,Scopoletin,Yes
Plantae,Euphorbiaceae,Pedilanthus tithymaloides,Ref.,Scopoletin,Yes
Plantae,Fabaceae,Glycine max,Ref.,Scopoletin,Yes
Plantae,Fabaceae,Phaseolus vulgaris,Ref.,Scopoletin,Yes
Plantae,Fabaceae,Trigonella foenum-graecum,Ref.,Scopoletin,Yes
Plantae,Fabaceae,Vigna radiata,Ref.,Scopoletin,Yes
Plantae,Ginkgoaceae,Ginkgo biloba,Ref.,Scopoletin,Yes
Plantae,Malvaceae,Abutilon indicum,Ref.,Scopoletin,Yes
Plantae,Malvaceae,Adansonia digitata,Ref.,Scopoletin,Yes
Plantae,Malvaceae,Sida rhombifolia,Ref.,Scopoletin,Yes
Plantae,Meliaceae,Aglaia edulis,Ref.,Scopoletin,Yes
Plantae,Moraceae,Morus alba,Ref.,Scopoletin,Yes
Plantae,Rubiaceae,Morinda citrifolia,Ref.,Scopoletin,Yes
Plantae,Rutaceae,Aegle marmelos,Ref.,Scopoletin,Yes
Plantae,Rutaceae,Murraya paniculata,Ref.,Scopoletin,Yes
Plantae,Solanaceae,Atropa belladonna,Ref.,Scopoletin,Yes
Plantae,Solanaceae,Nicotiana tabacum,Ref.,Scopoletin,Yes
Plantae,Solanaceae,Solanum indicum,Ref.,Scopoletin,Yes
Plantae,Solanaceae,Solanum tuberosum,Ref.,Scopoletin,Yes
Plantae,Zingiberaceae,Curcuma mangga,Ref.,Scopoletin,Yes
Fungi,Ganodermataceae,Ganoderma lucidum,Ref.,Ricinoleic acid,Yes
Plantae,Euphorbiaceae,Ricinus communis,Ref.,Ricinoleic acid,Yes
Plantae,Moraceae,Morus alba,Ref.,Quercetin-3-o-rhamnoside,Yes
Plantae,Solanaceae,Capsicum annuum,Ref.,Quercetin-3-o-rhamnoside,Yes
Plantae,Alliaceae,Allium cepa,Ref.,Quercetin,Yes
Plantae,Annonaceae,Annona muricata,Ref.,Quercetin,Yes
Plantae,Apiaceae,Daucus carota,Ref.,Quercetin,Yes
Plantae,Campanulaceae/Lobeliaceae,Platycodon grandiflorum,Ref.,Quercetin,Yes
Plantae,Clusiaceae/Clusiaceae-Guttiferae,Garcinia mangostana,Ref.,Quercetin,Yes
Plantae,Cucurbitaceae,Momordica charantia,Ref.,Quercetin,Yes
Plantae,Fabaceae,Acacia catechu,Ref.,Quercetin,Yes
Plantae,Fabaceae,Phaseolus vulgaris,Ref.,Quercetin,Yes
Plantae,Ginkgoaceae,Ginkgo biloba,Ref.,Quercetin,Yes
Plantae,Labiatae,Thymus vulgaris,Ref.,Quercetin,Yes
Plantae,Lamiaceae,Coleus aromaticus,Ref.,Quercetin,Yes
Plantae,Lythraceae,Punica granatum L.,Ref.,Quercetin,Yes
Plantae,Moraceae,Morus alba,Ref.,Quercetin,Yes
Plantae,Poaceae,Zea mays,Ref.,Quercetin,Yes
Plantae,Solanaceae,Capsicum annuum,Ref.,Quercetin,Yes
Plantae,Theaceae,Camellia sinensis,Ref.,Quercetin,Yes
Plantae,Alliaceae,Allium cepa,Ref.,Protocatechuic acid,Yes
Plantae,Alliaceae,Allium sativum,Ref.,Protocatechuic acid,Yes
Plantae,Anacardiaceae,Mangifera indica,Ref.,Protocatechuic acid,Yes
Plantae,Asteraceae,Blumea balsamifera,Ref.,Protocatechuic acid,Yes
Plantae,Caricaceae,Carica papaya,Ref.,Protocatechuic acid,Yes
Plantae,Cbotiaceae/Dicksoniaceae,Cibotium barometz,Ref.,Protocatechuic acid,Yes
Plantae,Combretaceae,Terminalia catappa,Ref.,Protocatechuic acid,Yes
Plantae,Cruciferae,Raphanus sativus,Ref.,Protocatechuic acid,Yes
Plantae,Cucurbitaceae,Momordica charantia,Ref.,Protocatechuic acid,Yes
Plantae,Cyperaceae,Cyperus rotundus L.,Ref.,Protocatechuic acid,Yes
Plantae,Fabaceae,Glycine max,Ref.,Protocatechuic acid,Yes
Plantae,Fabaceae,Phaseolus vulgaris,Ref.,Protocatechuic acid,Yes
Plantae,Ginkgoaceae,Ginkgo biloba,Ref.,Protocatechuic acid,Yes
Plantae,Iridaceae,Crocus sativus,Ref.,Protocatechuic acid,Yes
Plantae,Labiatae,Orthosiphon stamineus,Ref.,Protocatechuic acid,Yes
Plantae,Lauraceae,Cinnamomum cassia,Ref.,Protocatechuic acid,Yes
Plantae,Lythraceae,Punica granatum,Ref.,Protocatechuic acid,Yes
Plantae,Moraceae,Morus alba,Ref.,Protocatechuic acid,Yes
Plantae,Myrtaceae,Psidium guajava,Ref.,Protocatechuic acid,Yes
Plantae,Palmae,Cocos nucifera,Ref.,Protocatechuic acid,Yes
Plantae,Phyllanthaceae,Phyllanthus emblica,Ref.,Protocatechuic acid,Yes
Plantae,Solanaceae,Capsicum annuum,Ref.,Protocatechuic acid,Yes
Plantae,Solanaceae,Solanum lycopersicum,Ref.,Protocatechuic acid,Yes
Plantae,Clusiaceae/Clusiaceae-Guttiferae,Garcinia mangostana,Ref.,Proanthocyanidin a2,Yes
Plantae,Lauraceae,Persea gratissima,Ref.,Proanthocyanidin a2,Yes
Plantae,Lythraceae,Punica granatum,Ref.,Proanthocyanidin a2,Yes
Plantae,Malvaceae,Cola acuminata,Ref.,Proanthocyanidin a2,Yes
Plantae,Rosaceae,Malus sylvestris,Ref.,Proanthocyanidin a2,Yes
Plantae,Clusiaceae/Clusiaceae-Guttiferae,Garcinia cowa,Ref.,Mangostinone,Yes
Plantae,Clusiaceae/Clusiaceae-Guttiferae,Garcinia mangostana,Ref.,Mangostinone,Yes
Plantae,Clusiaceae/Clusiaceae-Guttiferae,Garcinia mangostana,Ref.,Mangostin,Yes
Plantae,Capparaceae,Capparis spinosa,Ref.,Glucobrassicin,Yes
Plantae,Cleomaceae,Gynandropsis gynandra,Ref.,Glucobrassicin,Yes
Plantae,Cruciferae,Brassica oleracea,Ref.,Glucobrassicin,Yes
Plantae,Cruciferae,Brassica oleracea var. botrytis,Ref.,Glucobrassicin,Yes
Plantae,Cruciferae,Brassica oleracea var. capitata,Ref.,Glucobrassicin,Yes
Plantae,Cruciferae,Lepidium sativum,Ref.,Glucobrassicin,Yes
Plantae,Cruciferae,Raphanus sativus,Ref.,Glucobrassicin,Yes
-,-,Brassica,Ref.,Glucobrassicin,Yes
Plantae,Clusiaceae/Clusiaceae-Guttiferae,Garcinia mangostana,Ref.,Mangostenone a,Yes
Plantae,Acanthaceae,Andrographis paniculata,Ref.,Andrograpanin,Yes
Plantae,Acanthaceae,Andrographis paniculata,Ref.,14-deoxy-11-oxoandrographolide,Yes
Plantae,Anacardiaceae,Mangifera indica,Ref.,Limonene,Yes
Plantae,Apiaceae,Daucus carota,Ref.,Limonene,Yes
Plantae,Labiatae,Mentha piperita,Ref.,Limonene,Yes
Plantae,Lauraceae,Cinnamomum camphora,Ref.,Limonene,Yes
Plantae,Myrtaceae,Psidium guajava,Ref.,Limonene,Yes
Plantae,Solanaceae,Nicotiana tabacum,Ref.,Limonene,Yes
Plantae,Anacardiaceae,Mangifera indica,Ref.,Ascorbic acid,Yes
Plantae,Annonaceae,Annona squamosa,Ref.,Ascorbic acid,Yes
Plantae,Apiaceae,Daucus carota,Ref.,Ascorbic acid,Yes
Plantae,Caricaceae,Carica papaya,Ref.,Ascorbic acid,Yes
Plantae,Cruciferae,Brassica oleracea,Ref.,Ascorbic acid,Yes
Plantae,Cruciferae,Raphanus sativus,Ref.,Ascorbic acid,Yes
Plantae,Fabaceae,Glycine max,Ref.,Ascorbic acid,Yes
Plantae,Meliaceae,Azadirachta indica,Ref.,Ascorbic acid,Yes
Plantae,Myrtaceae,Psidium guajava,Ref.,Ascorbic acid,Yes
Plantae,Oxalidaceae,Oxalis corniculata,Ref.,Ascorbic acid,Yes
Plantae,Solanaceae,Capsicum annuum,Ref.,Ascorbic acid,Yes
Plantae,Zingiberaceae,Zingiber officinale,Ref.,Ascorbic acid,Yes
Plantae,Fabaceae,Abrus precatorius,Ref.,Delphinidin 3-sambubioside,Yes
Plantae,Malvaceae,Hibiscus sabdariffa,Ref.,Delphinidin 3-sambubioside,Yes
Plantae,Zingiberaceae,Zingiber officinale,Ref.,Delphinidin 3-sambubioside,Yes
Plantae,Clusiaceae/Clusiaceae-Guttiferae,Garcinia mangostana,Ref.,Mangostenone b,Yes
Plantae,Malvaceae,Hibiscus sabdariffa,Ref.,Hibiscetin,Yes
Fungi,Ganodermataceae,Ganoderma lucidum,Ref.,Caprylic acid,Yes
Plantae,Anacardiaceae,Mangifera indica,Ref.,Caprylic acid,Yes
Plantae,Caricaceae,Carica papaya,Ref.,Caprylic acid,Yes
Plantae,Caryophyllaceae,Drymaria cordata,Ref.,Caprylic acid,Yes
Plantae,Clusiaceae/Clusiaceae-Guttiferae,Garcinia dulcis,Ref.,Caprylic acid,Yes
Plantae,Ginkgoaceae,Ginkgo biloba,Ref.,Caprylic acid,Yes
Plantae,Lythraceae,Punica granatum,Ref.,Caprylic acid,Yes
Plantae,Palmae,Cocos nucifera,Ref.,Caprylic acid,Yes
Plantae,Santalaceae,Santalum album,Ref.,Caprylic acid,Yes
Plantae,Solanaceae,Nicotiana tabacum,Ref.,Caprylic acid,Yes
Plantae,Anacardiaceae,Mangifera indica,Ref.,Anisaldehyde,Yes
Plantae,Apiaceae,Foeniculum vulgare,Ref.,Anisaldehyde,Yes
Plantae,Apiaceae,Pimpinella anisum,Ref.,Anisaldehyde,Yes
Plantae,Labiatae,Ocimum basilicum,Ref.,Anisaldehyde,Yes
Plantae,Ranunculaceae,Nigella sativa L,Ref.,Anisaldehyde,Yes
Plantae,Solanaceae,Nicotiana tabacum,Ref.,Anisaldehyde,Yes
Plantae,Anacardiaceae,Mangifera indica,Ref.,Linalool,Yes
Plantae,Euphorbiaceae,Jatropha multifida,Ref.,Linalool,Yes
Plantae,Poaceae,Cymbopogon citratus,Ref.,Linalool,Yes
Plantae,Solanaceae,Nicotiana tabacum,Ref.,Linalool,Yes
Plantae,Malvaceae,Ceiba pentandra,Ref.,Malvalic acid,Yes
Plantae,Asteraceae,Helianthus annuus,Ref.,Malic acid,Yes
Plantae,Fabaceae,Glycine max,Ref.,Malic acid,Yes
Plantae,Fabaceae,Phaseolus vulgaris,Ref.,Malic acid,Yes
Plantae,Zingiberaceae,Curcuma domestica,Ref.,Malic acid,Yes
Plantae,Fabaceae,Phaseolus vulgaris,Ref.,Maleic acid,Yes
Plantae,Phyllanthaceae,Phyllanthus niruri,Ref.,Lintetralin,Yes
Plantae,Phyllanthaceae,Phyllanthus urinaria L.,Ref.,Lintetralin,Yes
Plantae,Alliaceae,Allium cepa,Ref.,Malvidin,Yes
Plantae,Balsaminaceae,Impatiens balsamina,Ref.,Malvidin,Yes
Plantae,Fabaceae,Phaseolus vulgaris,Ref.,Malvidin,Yes
Plantae,Melastomataceae,Melastoma malabathricum,Ref.,Malvidin,Yes
Plantae,Cucurbitaceae,Momordica charantia,Ref.,Cucurbitane,Yes
Plantae,Apiaceae,Daucus carota L.,Ref.,Diosgenin,Yes
Plantae,Asparagaceae,Asparagus racemosus,Ref.,Diosgenin,Yes
Plantae,Costaceae,Costus speciosus,Ref.,Diosgenin,Yes
Plantae,Oxalidaceae,Oxalis corniculata,Ref.,Diosgenin,Yes
Plantae,Palmae,Borassus flabellifer,Ref.,Diosgenin,Yes
Plantae,Smilacaceae,Smilax china,Ref.,Diosgenin,Yes
Plantae,Smilacaceae,Smilax zeylanica L.,Ref.,Diosgenin,Yes
Plantae,Solanaceae,Solanum melongena,Ref.,Diosgenin,Yes
Plantae,Fabaceae,Erythrina variegata L.,Ref.,Erythrodiol,Yes
Plantae,Labiatae,Ocimum basilicum,Ref.,Erythrodiol,Yes
Plantae,Apiaceae,Daucus carota,Ref.,Galacturonic acid,Yes
Plantae,Fabaceae,Glycine max,Ref.,Galacturonic acid,Yes
Plantae,Fabaceae,Phaseolus vulgaris,Ref.,Galacturonic acid,Yes
Plantae,Myrtaceae,Psidium guajava,Ref.,Galacturonic acid,Yes
Plantae,Rutaceae,Murraya paniculata,Ref.,Galacturonic acid,Yes
Plantae,Solanaceae,Solanum lycopersicum,Ref.,Galacturonic acid,Yes
Plantae,Acanthaceae,Strobilanthes crispus,Ref.,Gallic acid,Yes
Plantae,Alliaceae,Allium cepa,Ref.,Gallic acid,Yes
Plantae,Alliaceae,Allium sativum,Ref.,Gallic acid,Yes
Plantae,Anacardiaceae,Mangifera indica,Ref.,Gallic acid,Yes
Plantae,Annonaceae,Annona muricata,Ref.,Gallic acid,Yes
Plantae,Apiaceae,Foeniculum vulgare,Ref.,Gallic acid,Yes
Plantae,Apocynaceae,Catharanthus roseus,Ref.,Gallic acid,Yes
Plantae,Cruciferae,Raphanus sativus,Ref.,Gallic acid,Yes
Plantae,Cucurbitaceae,Momordica charantia,Ref.,Gallic acid,Yes
Plantae,Fabaceae,Abrus precatorius,Ref.,Gallic acid,Yes
Plantae,Fabaceae,Caesalpinia pulcherrima,Ref.,Gallic acid,Yes
Plantae,Fabaceae,Caesalpinia sappan,Ref.,Gallic acid,Yes
Plantae,Fabaceae,Phaseolus vulgaris,Ref.,Gallic acid,Yes
Plantae,Fabaceae,Trigonella foenum-graecum,Ref.,Gallic acid,Yes
Plantae,Ginkgoaceae,Ginkgo biloba,Ref.,Gallic acid,Yes
Plantae,Iridaceae,Crocus sativus,Ref.,Gallic acid,Yes
Plantae,Lythraceae,Punica granatum,Ref.,Gallic acid,Yes
Plantae,Malvaceae,Abutilon indicum,Ref.,Gallic acid,Yes
Plantae,Meliaceae,Azadirachta indica,Ref.,Gallic acid,Yes
Plantae,Moringaceae,Moringa oleifera,Ref.,Gallic acid,Yes
Plantae,Myrtaceae,Psidium guajava,Ref.,Gallic acid,Yes
Plantae,Myrtaceae,Syzygium cumini,Ref.,Gallic acid,Yes
Plantae,Phyllanthaceae,Phyllanthus emblica,Ref.,Gallic acid,Yes
Plantae,Phyllanthaceae,Phyllanthus niruri,Ref.,Gallic acid,Yes
Plantae,Phyllanthaceae,Phyllanthus urinaria,Ref.,Gallic acid,Yes
Plantae,Polygonaceae,Rheum palmatum,Ref.,Gallic acid,Yes
Plantae,Rosaceae,Rosa chinensis,Ref.,Gallic acid,Yes
Plantae,Rubiaceae,Uncaria gambir,Ref.,Gallic acid,Yes
Plantae,Solanaceae,Capsicum annuum,Ref.,Gallic acid,Yes
Plantae,Theaceae,Camellia sinensis,Ref.,Gallic acid,Yes
Plantae,Turneraceae,Turnera ulmifolia,Ref.,Gallic acid,Yes
Plantae,Valerianaceae/Linnaeaceae/Dipsacaceae/Diervillaceae,Valeriana officinalis,Ref.,Gallic acid,Yes
Plantae,Menispermaceae,Tinospora crispa,Ref.,Columbin,Yes
Plantae,Alliaceae,Allium sativum,Ref.,Gentisic acid,Yes
Plantae,Apiaceae,Foeniculum vulgare,Ref.,Gentisic acid,Yes
Plantae,Apocynaceae,Catharanthus roseus,Ref.,Gentisic acid,Yes
Plantae,Cruciferae,Raphanus sativus,Ref.,Gentisic acid,Yes
Plantae,Cucurbitaceae,Momordica charantia,Ref.,Gentisic acid,Yes
Plantae,Fabaceae,Glycine max,Ref.,Gentisic acid,Yes
Plantae,Fabaceae,Phaseolus vulgaris,Ref.,Gentisic acid,Yes
Plantae,Moringaceae,Moringa oleifera,Ref.,Gentisic acid,Yes
Plantae,Palmae,Cocos nucifera,Ref.,Gentisic acid,Yes
Plantae,Pedaliaceae,Sesamum indicum,Ref.,Gentisic acid,Yes
Plantae,Plantaginaceae,Plantago major,Ref.,Gentisic acid,Yes
Plantae,Cruciferae,Brassica oleracea,Ref.,Methylthio,Yes
Plantae,Solanaceae,Solanum lycopersicum,Ref.,Methylthio,Yes
Plantae,Meliaceae,Azadirachta indica,Ref.,Azadirachtin,Yes
Plantae,Euphorbiaceae,Euphorbia tirucalli,Ref.,Ellagic acid,Yes
Plantae,Lythraceae,Lagerstroemia indica,Ref.,Ellagic acid,Yes
Plantae,Lythraceae,Punica granatum,Ref.,Ellagic acid,Yes
Plantae,Lythraceae,Punica granatum,Ref.,Beta-glucogallin,Yes
Plantae,Phyllanthaceae,Phyllanthus emblica,Ref.,Beta-glucogallin,Yes
Plantae,Phyllanthaceae,Phyllanthus niruri,Ref.,Beta-glucogallin,Yes
Plantae,Anacardiaceae,Mangifera indica,Ref.,Viridiflorene,Yes
Plantae,Labiatae,Ocimum sanctum,Ref.,Viridiflorene,Yes
Plantae,Meliaceae,Azadirachta indica,Ref.,Viridiflorene,Yes
Plantae,Myrtaceae,Melaleuca leucadendra L.,Ref.,Viridiflorene,Yes
Plantae,Myrtaceae,Melaleuca leucadendron,Ref.,Viridiflorene,Yes
Plantae,Piperaceae,Piper nigrum,Ref.,Viridiflorene,Yes
Plantae,Valerianaceae/Linnaeaceae/Dipsacaceae/Diervillaceae,Valeriana officinalis,Ref.,Viridiflorene,Yes
Plantae,Zingiberaceae,Zingiber officinale,Ref.,Viridiflorene,Yes
Plantae,Anacardiaceae,Mangifera indica,Ref.,Blumenol a,Yes
Plantae,Annonaceae,Annona muricata,Ref.,Blumenol a,Yes
Plantae,Asteraceae,Helianthus annuus,Ref.,Blumenol a,Yes
Plantae,Equisetaceae,Equisetum debile,Ref.,Blumenol a,Yes
Plantae,Labiatae,Orthosiphon stamineus,Ref.,Blumenol a,Yes
Plantae,Rutaceae,Murraya paniculata,Ref.,Blumenol a,Yes
Plantae,Solanaceae,Nicotiana tabacum,Ref.,Blumenol a,Yes
Plantae,Apiaceae,Apium graveolens,Ref.,Syringin,Yes
Plantae,Apiaceae,Foeniculum vulgare,Ref.,Syringin,Yes
Plantae,Asteraceae,Carthamus tinctorius,Ref.,Syringin,Yes
Plantae,Menispermaceae,Tinospora crispa,Ref.,Syringin,Yes
Plantae,Solanaceae,Solanum tuberosum,Ref.,Syringin,Yes
Plantae,Cucurbitaceae,Momordica charantia,Ref.,Cucurbitacin e,Yes
Plantae,Cucurbitaceae,Momordica charantia,Ref.,Cucurbitacin f,Yes
Plantae,Cucurbitaceae,Trichosanthes tricuspidata,Ref.,Cucurbitacin k,Yes
Plantae,Capparaceae,Capparis spinosa,Ref.,Sinigrin,Yes
Plantae,Cruciferae,Brassica oleracea,Ref.,Sinigrin,Yes
Plantae,Cruciferae,Brassica oleracea var. capitata,Ref.,Sinigrin,Yes
Plantae,Cruciferae,Lepidium sativum,Ref.,Sinigrin,Yes
Plantae,Cruciferae,Raphanus sativus,Ref.,Sinigrin,Yes
Plantae,Asteraceae,Helianthus annuus,Ref.,Glycolic acid,Yes
Plantae,Poaceae,Oryza sativa,Ref.,Glycolic acid,Yes
Plantae,Poaceae,Saccharum officinarum,Ref.,Glycolic acid,Yes
Plantae,Solanaceae,Solanum lycopersicum,Ref.,Glycolic acid,Yes
Plantae,Annonaceae,Cananga odorata,Ref.,Isoeugenol,Yes
Plantae,Apiaceae,Daucus carota,Ref.,Isoeugenol,Yes
Plantae,Labiatae,Ocimum basilicum,Ref.,Isoeugenol,Yes
Plantae,Myristicaceae,Myristica fragrans,Ref.,Isoeugenol,Yes
Plantae,Myrtaceae,Psidium guajava,Ref.,Isoeugenol,Yes
Plantae,Santalaceae,Santalum album,Ref.,Isoeugenol,Yes
Plantae,Solanaceae,Nicotiana tabacum,Ref.,Isoeugenol,Yes
Plantae,Zingiberaceae,Zingiber officinale,Ref.,Isoeugenol,Yes
Plantae,Acoraceae,Acorus calamus,Ref.,Spathulenol,Yes
Plantae,Annonaceae,Annona squamosa,Ref.,Spathulenol,Yes
Plantae,Apiaceae,Apium graveolens,Ref.,Spathulenol,Yes
Plantae,Apiaceae,Foeniculum vulgare,Ref.,Spathulenol,Yes
Plantae,Asteraceae,Artemisia vulgaris,Ref.,Spathulenol,Yes
Plantae,Asteraceae,Helianthus annuus,Ref.,Spathulenol,Yes
Plantae,Caricaceae,Carica papaya,Ref.,Spathulenol,Yes
Plantae,Cyperaceae,Cyperus rotundus L.,Ref.,Spathulenol,Yes
Plantae,Fabaceae,Caesalpinia pulcherrima,Ref.,Spathulenol,Yes
Plantae,Labiatae,Ocimum basilicum,Ref.,Spathulenol,Yes
Plantae,Labiatae,Pogostemon cablin,Ref.,Spathulenol,Yes
Plantae,Lauraceae,Cinnamomum camphora,Ref.,Spathulenol,Yes
Plantae,Lauraceae,Litsea cubeba,Ref.,Spathulenol,Yes
Plantae,Meliaceae,Aglaia forbesii,Ref.,Spathulenol,Yes
Plantae,Myrtaceae,Psidium guajava,Ref.,Spathulenol,Yes
Plantae,Piperaceae,Piper nigrum,Ref.,Spathulenol,Yes
Plantae,Rutaceae,Citrus aurantium,Ref.,Spathulenol,Yes
Plantae,Rutaceae,Clausena excavata,Ref.,Spathulenol,Yes
Plantae,Rutaceae,Murraya paniculata,Ref.,Spathulenol,Yes
Plantae,Valerianaceae/Linnaeaceae/Dipsacaceae/Diervillaceae,Valeriana officinalis,Ref.,Spathulenol,Yes
Plantae,Zingiberaceae,Curcuma amada,Ref.,Spathulenol,Yes
Plantae,Zingiberaceae,Curcuma longa,Ref.,Spathulenol,Yes
Plantae,Zingiberaceae,Curcuma zedoaria,Ref.,Spathulenol,Yes
Plantae,Zingiberaceae,Zingiber officinale,Ref.,Spathulenol,Yes
Plantae,Asteraceae,Helianthus annuus,Ref.,Citric acid,Yes
Plantae,Fabaceae,Glycine max,Ref.,Citric acid,Yes
Plantae,Fabaceae,Phaseolus vulgaris,Ref.,Citric acid,Yes
Plantae,Poaceae,Oryza sativa,Ref.,Citric acid,Yes
Fungi,Ganodermataceae,Ganoderma lucidum,Ref.,Borneol,Yes
Plantae,Acoraceae,Acorus calamus,Ref.,Borneol,Yes
Plantae,Anacardiaceae,Mangifera indica,Ref.,Borneol,Yes
Plantae,Apiaceae,Daucus carota,Ref.,Borneol,Yes
Plantae,Apiaceae,Foeniculum vulgare,Ref.,Borneol,Yes
Plantae,Asparagaceae,Asparagus racemosus,Ref.,Borneol,Yes
Plantae,Asteraceae,Helianthus annuus,Ref.,Borneol,Yes
Plantae,Cyperaceae,Cyperus rotundus L.,Ref.,Borneol,Yes
Plantae,Dipterocarpaceae,Dryobalanops aromatica,Ref.,Borneol,Yes
Plantae,Labiatae,Ocimum basilicum,Ref.,Borneol,Yes
Plantae,Labiatae,Ocimum gratissimum,Ref.,Borneol,Yes
Plantae,Labiatae,Thymus vulgaris,Ref.,Borneol,Yes
Plantae,Lauraceae,Cinnamomum camphora,Ref.,Borneol,Yes
Plantae,Myristicaceae,Myristica fragrans,Ref.,Borneol,Yes
Plantae,Myrtaceae,Melaleuca leucadendra L.,Ref.,Borneol,Yes
Plantae,Myrtaceae,Psidium guajava,Ref.,Borneol,Yes
Plantae,Rutaceae,Citrus aurantifolia,Ref.,Borneol,Yes
Plantae,Rutaceae,Murraya paniculata,Ref.,Borneol,Yes
Plantae,Santalaceae,Santalum album,Ref.,Borneol,Yes
Plantae,Valerianaceae/Linnaeaceae/Dipsacaceae/Diervillaceae,Valeriana officinalis,Ref.,Borneol,Yes
Plantae,Zingiberaceae,Curcuma aeruginosa,Ref.,Borneol,Yes
Plantae,Zingiberaceae,Curcuma amada,Ref.,Borneol,Yes
Plantae,Zingiberaceae,Curcuma longa,Ref.,Borneol,Yes
Plantae,Zingiberaceae,Curcuma mangga,Ref.,Borneol,Yes
Plantae,Zingiberaceae,Curcuma xanthorrhiza,Ref.,Borneol,Yes
Plantae,Zingiberaceae,Zingiber cassumunar Roxb.,Ref.,Borneol,Yes
Plantae,Zingiberaceae,Zingiber officinale,Ref.,Borneol,Yes
-,-,Baeckea frutescens L.,Ref.,Borneol,Yes
Plantae,Anacardiaceae,Mangifera indica,Ref.,A-copaene,Yes
Plantae,Apiaceae,Apium graveolens,Ref.,A-copaene,Yes
Plantae,Apiaceae,Daucus carota,Ref.,A-copaene,Yes
Plantae,Apiaceae,Foeniculum vulgare,Ref.,A-copaene,Yes
Plantae,Asteraceae,Helianthus annuus,Ref.,A-copaene,Yes
Plantae,Cyperaceae,Cyperus rotundus,Ref.,A-copaene,Yes
Plantae,Labiatae,Ocimum basilicum,Ref.,A-copaene,Yes
Plantae,Labiatae,Ocimum gratissimum,Ref.,A-copaene,Yes
Plantae,Labiatae,Thymus vulgaris,Ref.,A-copaene,Yes
Plantae,Lauraceae,Cinnamomum camphora,Ref.,A-copaene,Yes
Plantae,Meliaceae,Azadirachta indica,Ref.,A-copaene,Yes
Plantae,Myrtaceae,Melaleuca leucadendra L.,Ref.,A-copaene,Yes
Plantae,Myrtaceae,Psidium guajava,Ref.,A-copaene,Yes
Plantae,Piperaceae,Piper nigrum,Ref.,A-copaene,Yes
Plantae,Rutaceae,Citrus aurantifolia,Ref.,A-copaene,Yes
Plantae,Rutaceae,Citrus aurantium,Ref.,A-copaene,Yes
Plantae,Rutaceae,Citrus hystrix,Ref.,A-copaene,Yes
Plantae,Rutaceae,Murraya paniculata,Ref.,A-copaene,Yes
Plantae,Solanaceae,Capsicum annuum,Ref.,A-copaene,Yes
Plantae,Solanaceae,Solanum lycopersicum,Ref.,A-copaene,Yes
Plantae,Solanaceae,Solanum tuberosum,Ref.,A-copaene,Yes
Plantae,Theaceae,Camellia sinensis,Ref.,A-copaene,Yes
Plantae,Valerianaceae/Linnaeaceae/Dipsacaceae/Diervillaceae,Valeriana officinalis,Ref.,A-copaene,Yes
Plantae,Zingiberaceae,Curcuma mangga,Ref.,A-copaene,Yes
Plantae,Zingiberaceae,Zingiber officinale,Ref.,A-copaene,Yes
Plantae,Labiatae,Ocimum basilicum,Ref.,Acetyl eugenol,Yes
Plantae,Lauraceae,Cinnamomum verum,Ref.,Acetyl eugenol,Yes
Plantae,Myrtaceae,Syzygium aromaticum,Ref.,Acetyl eugenol,Yes
Plantae,Zingiberaceae,Zingiber officinale,Ref.,Acetyl eugenol,Yes
Plantae,Apiaceae,Daucus carota,Ref.,Cyanidin 3-xyloglucoside,Yes
Plantae,Clusiaceae/Clusiaceae-Guttiferae,Garcinia indica,Ref.,Cyanidin 3-xyloglucoside,Yes
Plantae,Anacardiaceae,Mangifera indica,Ref.,1-hexanol,Yes
Plantae,Annonaceae,Annona muricata,Ref.,1-hexanol,Yes
Plantae,Caricaceae,Carica papaya,Ref.,1-hexanol,Yes
Plantae,Lauraceae,Litsea cubeba,Ref.,1-hexanol,Yes
Plantae,Lythraceae,Punica granatum,Ref.,1-hexanol,Yes
Plantae,Myrtaceae,Psidium guajava,Ref.,1-hexanol,Yes
Plantae,Rubiaceae,Coffea arabica,Ref.,1-hexanol,Yes
Plantae,Rutaceae,Citrus hystrix,Ref.,1-hexanol,Yes
Plantae,Solanaceae,Nicotiana tabacum,Ref.,1-hexanol,Yes
Plantae,Solanaceae,Solanum lycopersicum,Ref.,1-hexanol,Yes
Fungi,Ganodermataceae,Ganoderma lucidum,Ref.,(e)-beta-farnesene,Yes
Plantae,Apiaceae,Daucus carota,Ref.,(e)-beta-farnesene,Yes
Plantae,Apiaceae,Foeniculum vulgare,Ref.,(e)-beta-farnesene,Yes
Plantae,Labiatae,Mentha arvensis L.,Ref.,(e)-beta-farnesene,Yes
Plantae,Labiatae,Ocimum basilicum,Ref.,(e)-beta-farnesene,Yes
Plantae,Lauraceae,Litsea cubeba,Ref.,(e)-beta-farnesene,Yes
Plantae,Lythraceae,Punica granatum,Ref.,(e)-beta-farnesene,Yes
Plantae,Myrtaceae,Psidium guajava,Ref.,(e)-beta-farnesene,Yes
Plantae,Oleaceae,Jasminum sambac,Ref.,(e)-beta-farnesene,Yes
Plantae,Piperaceae,Piper nigrum,Ref.,(e)-beta-farnesene,Yes
Plantae,Rutaceae,Citrus aurantifolia,Ref.,(e)-beta-farnesene,Yes
Plantae,Rutaceae,Citrus aurantium,Ref.,(e)-beta-farnesene,Yes
Plantae,Rutaceae,Citrus hystrix,Ref.,(e)-beta-farnesene,Yes
Plantae,Rutaceae,Murraya paniculata,Ref.,(e)-beta-farnesene,Yes
Plantae,Solanaceae,Solanum tuberosum,Ref.,(e)-beta-farnesene,Yes
Plantae,Theaceae,Camellia sinensis,Ref.,(e)-beta-farnesene,Yes
Plantae,Zingiberaceae,Curcuma amada,Ref.,(e)-beta-farnesene,Yes
Plantae,Zingiberaceae,Curcuma longa,Ref.,(e)-beta-farnesene,Yes
Plantae,Zingiberaceae,Curcuma mangga,Ref.,(e)-beta-farnesene,Yes
Plantae,Zingiberaceae,Curcuma zedoaria,Ref.,(e)-beta-farnesene,Yes
Plantae,Zingiberaceae,Zingiber officinale,Ref.,(e)-beta-farnesene,Yes
Plantae,Rubiaceae,Morinda citrifolia,Ref.,Morindone,Yes
Plantae,Rubiaceae,Morinda tinctoria,Ref.,Morindone,Yes
Plantae,Menispermaceae,Cissampelos pareira,Ref.,Magnoflorine,Yes
Plantae,Menispermaceae,Tinospora crispa,Ref.,Magnoflorine,Yes
Plantae,Papaveraceae,Papaver somniferum,Ref.,Magnoflorine,Yes
Fungi,Ganodermataceae,Ganoderma lucidum,Ref.,Methyl chavicol,Yes
Plantae,Anacardiaceae,Mangifera indica,Ref.,Methyl chavicol,Yes
Plantae,Apiaceae,Daucus carota,Ref.,Methyl chavicol,Yes
Plantae,Apiaceae,Foeniculum vulgare,Ref.,Methyl chavicol,Yes
Plantae,Labiatae,Ocimum basilicum,Ref.,Methyl chavicol,Yes
Plantae,Lauraceae,Persea gratissima,Ref.,Methyl chavicol,Yes
Plantae,Piperaceae,Piper betle,Ref.,Methyl chavicol,Yes
Plantae,Ranunculaceae,Nigella sativa L,Ref.,Methyl chavicol,Yes
Plantae,Rutaceae,Feronia elephantum,Ref.,Methyl chavicol,Yes
Plantae,Anacardiaceae,Mangifera indica,Ref.,Mangiferin,Yes
Plantae,Iridaceae,Belamcanda chinensis,Ref.,Mangiferin,Yes
Plantae,Malvaceae,Bombax malabaricum,Ref.,Mangiferin,Yes
Plantae,Malvaceae,Urena lobata,Ref.,Mangiferin,Yes
Plantae,Thymelaeaceae,Phaleria macrocarpa,Ref.,Mangiferin,Yes
Plantae,Clusiaceae/Clusiaceae-Guttiferae,Garcinia mangostana,Ref.,Mangostanol,Yes
Plantae,Alliaceae,Allium sativum,Ref.,Nerolidol,Yes
Plantae,Caricaceae,Carica papaya,Ref.,Nerolidol,Yes
Plantae,Labiatae,Ocimum basilicum,Ref.,Nerolidol,Yes
Plantae,Labiatae,Ocimum sanctum,Ref.,Nerolidol,Yes
Plantae,Lauraceae,Cinnamomum camphora,Ref.,Nerolidol,Yes
Plantae,Oleaceae,Jasminum sambac,Ref.,Nerolidol,Yes
Plantae,Rutaceae,Citrus aurantifolia,Ref.,Nerolidol,Yes
Plantae,Rutaceae,Citrus aurantium,Ref.,Nerolidol,Yes
Plantae,Rutaceae,Clausena excavata,Ref.,Nerolidol,Yes
Plantae,Rutaceae,Murraya paniculata,Ref.,Nerolidol,Yes
Plantae,Solanaceae,Nicotiana tabacum,Ref.,Nerolidol,Yes
Plantae,Solanaceae,Solanum lycopersicum,Ref.,Nerolidol,Yes
Plantae,Theaceae,Camellia sinensis,Ref.,Nerolidol,Yes
Plantae,Valerianaceae/Linnaeaceae/Dipsacaceae/Diervillaceae,Valeriana officinalis,Ref.,Nerolidol,Yes
Plantae,Zingiberaceae,Zingiber officinale,Ref.,Nerolidol,Yes
Plantae,Alliaceae,Allium cepa,Ref.,Spiraeoside,Yes
Plantae,Fabaceae,Phaseolus vulgaris,Ref.,Spiraeoside,Yes
Plantae,Solanaceae,Capsicum annuum,Ref.,Spiraeoside,Yes
Plantae,Acoraceae,Acorus calamus,Ref.,Caryophyllene oxide,Yes
Plantae,Anacardiaceae,Mangifera indica,Ref.,Caryophyllene oxide,Yes
Plantae,Apiaceae,Apium graveolens,Ref.,Caryophyllene oxide,Yes
Plantae,Apiaceae,Daucus carota,Ref.,Caryophyllene oxide,Yes
Plantae,Apiaceae,Foeniculum vulgare,Ref.,Caryophyllene oxide,Yes
Plantae,Asteraceae,Artemisia vulgaris,Ref.,Caryophyllene oxide,Yes
Plantae,Asteraceae,Helianthus annuus,Ref.,Caryophyllene oxide,Yes
Plantae,Fabaceae,Caesalpinia pulcherrima,Ref.,Caryophyllene oxide,Yes
Plantae,Labiatae,Mentha arvensis L.,Ref.,Caryophyllene oxide,Yes
Plantae,Labiatae,Mentha piperita,Ref.,Caryophyllene oxide,Yes
Plantae,Labiatae,Ocimum basilicum,Ref.,Caryophyllene oxide,Yes
Plantae,Labiatae,Thymus vulgaris,Ref.,Caryophyllene oxide,Yes
Plantae,Lauraceae,Cinnamomum camphora,Ref.,Caryophyllene oxide,Yes
Plantae,Malvaceae,Abutilon indicum,Ref.,Caryophyllene oxide,Yes
Plantae,Myrtaceae,Eugenia caryophyllata,Ref.,Caryophyllene oxide,Yes
Plantae,Myrtaceae,Melaleuca leucadendra L.,Ref.,Caryophyllene oxide,Yes
Plantae,Myrtaceae,Psidium guajava,Ref.,Caryophyllene oxide,Yes
Plantae,Piperaceae,Piper nigrum,Ref.,Caryophyllene oxide,Yes
Plantae,Poaceae,Cymbopogon citratus,Ref.,Caryophyllene oxide,Yes
Plantae,Rutaceae,Citrus aurantifolia,Ref.,Caryophyllene oxide,Yes
Plantae,Rutaceae,Clausena excavata,Ref.,Caryophyllene oxide,Yes
Plantae,Rutaceae,Murraya paniculata,Ref.,Caryophyllene oxide,Yes
Plantae,Solanaceae,Solanum lycopersicum,Ref.,Caryophyllene oxide,Yes
Plantae,Theaceae,Camellia sinensis,Ref.,Caryophyllene oxide,Yes
Plantae,Valerianaceae/Linnaeaceae/Dipsacaceae/Diervillaceae,Valeriana officinalis,Ref.,Caryophyllene oxide,Yes
Plantae,Zingiberaceae,Curcuma aeruginosa,Ref.,Caryophyllene oxide,Yes
Plantae,Zingiberaceae,Curcuma amada,Ref.,Caryophyllene oxide,Yes
Plantae,Zingiberaceae,Curcuma longa,Ref.,Caryophyllene oxide,Yes
Plantae,Zingiberaceae,Curcuma mangga,Ref.,Caryophyllene oxide,Yes
Plantae,Zingiberaceae,Curcuma xanthorrhiza,Ref.,Caryophyllene oxide,Yes
Plantae,Zingiberaceae,Zingiber cassumunar Roxb.,Ref.,Caryophyllene oxide,Yes
Plantae,Zingiberaceae,Zingiber officinale,Ref.,Caryophyllene oxide,Yes
Plantae,Zingiberaceae,Zingiber zerumbet Smith,Ref.,Caryophyllene oxide,Yes
-,-,Baeckea frutescens L.,Ref.,Caryophyllene oxide,Yes
Plantae,Polygonaceae,Rheum palmatum,Ref.,Alizarin,Yes
Plantae,Rubiaceae,Morinda citrifolia,Ref.,Alizarin,Yes
Plantae,Fabaceae,Peltophorum pterocarpum,Ref.,Safrole,Yes
Plantae,Moraceae,Ficus microcarpa,Ref.,Safrole,Yes
Plantae,Moraceae,Ficus racemosa,Ref.,Safrole,Yes
Plantae,Phyllanthaceae,Glochidion rubrum,Ref.,Safrole,Yes
Plantae,Phyllanthaceae,Phyllanthus niruri,Ref.,Sabinene,Yes
Plantae,Phyllanthaceae,Phyllanthus urinaria L.,Ref.,Sabinene,Yes
Plantae,Annonaceae,Cananga odorata,Ref.,Hexadecanol,Yes
Plantae,Anacardiaceae,Mangifera indica,Ref.,Delphinidin,Yes
Plantae,Malvaceae,Durio zibethinus,Ref.,Delphinidin,Yes
Plantae,Rutaceae,Murraya paniculata,Ref.,Delphinidin,Yes
Plantae,Solanaceae,Solanum lycopersicum,Ref.,Delphinidin,Yes
Plantae,Solanaceae,Solanum tuberosum,Ref.,Delphinidin,Yes
Plantae,Theaceae,Camellia sinensis,Ref.,Delphinidin,Yes
Plantae,Zingiberaceae,Zingiber officinale,Ref.,Delphinidin,Yes
Plantae,Rubiaceae,Morinda citrifolia L.,Ref.,Delphinin,Yes
Plantae,Rubiaceae,Oldenlandia corymbosa,Ref.,Delphinin,Yes
Plantae,Rubiaceae,Paederia scandens,Ref.,Delphinin,Yes
Fungi,Ganodermataceae,Ganoderma lucidum,Ref.,Quercitrin,Yes
Plantae,Anacardiaceae,Mangifera indica,Ref.,Quercitrin,Yes
Plantae,Annonaceae,Annona muricata,Ref.,Quercitrin,Yes
Plantae,Caricaceae,Carica papaya,Ref.,Quercitrin,Yes
Plantae,Caryophyllaceae,Drymaria cordata,Ref.,Quercitrin,Yes
Plantae,Clusiaceae/Clusiaceae-Guttiferae,Garcinia dulcis,Ref.,Quercitrin,Yes
Plantae,Lythraceae,Punica granatum,Ref.,Quercitrin,Yes
Plantae,Malvaceae,Durio zibethinus,Ref.,Quercitrin,Yes
Plantae,Oxalidaceae,Averrhoa carambola,Ref.,Quercitrin,Yes
Plantae,Palmae,Cocos nucifera,Ref.,Quercitrin,Yes
Plantae,Rubiaceae,Coffea arabica,Ref.,Quercitrin,Yes
Plantae,Santalaceae,Santalum album,Ref.,Quercitrin,Yes
Plantae,Solanaceae,Nicotiana tabacum,Ref.,Quercitrin,Yes
Plantae,Solanaceae,Solanum lycopersicum,Ref.,Quercitrin,Yes
Plantae,Apiaceae,Foeniculum vulgare,Ref.,Cytidine,Yes
Plantae,Theaceae,Camellia sinensis,Ref.,Cytidine,Yes
Plantae,Acanthaceae,Acanthus ilicifolius,Ref.,Cycloeucalenol,Yes
Plantae,Alliaceae,Allium ascalonicum,Ref.,Cycloeucalenol,Yes
Plantae,Alliaceae,Allium cepa,Ref.,Cycloeucalenol,Yes
Plantae,Anacardiaceae,Mangifera indica,Ref.,Cycloeucalenol,Yes
Plantae,Annonaceae,Annona muricata,Ref.,Cycloeucalenol,Yes
Plantae,Apiaceae,Foeniculum vulgare,Ref.,Cycloeucalenol,Yes
Plantae,Asteraceae,Carthamus tinctorius,Ref.,Cycloeucalenol,Yes
Plantae,Asteraceae,Lactuca indica,Ref.,Cycloeucalenol,Yes
Plantae,Asteraceae,Zinnia elegans,Ref.,Cycloeucalenol,Yes
Plantae,Casuarinaceae,Casuarina equisetifolia,Ref.,Cycloeucalenol,Yes
Plantae,Cucurbitaceae,Cucumis sativus,Ref.,Cycloeucalenol,Yes
Plantae,Cucurbitaceae,Momordica charantia,Ref.,Cycloeucalenol,Yes
Plantae,Euphorbiaceae,Pedilanthus tithymaloides,Ref.,Cycloeucalenol,Yes
Plantae,Euphorbiaceae,Ricinus communis,Ref.,Cycloeucalenol,Yes
Plantae,Fabaceae,Clitoria ternatea,Ref.,Cycloeucalenol,Yes
Plantae,Fabaceae,Glycine max,Ref.,Cycloeucalenol,Yes
Plantae,Fabaceae,Glycyrrhiza glabra L.,Ref.,Cycloeucalenol,Yes
Plantae,Fabaceae,Phaseolus vulgaris,Ref.,Cycloeucalenol,Yes
Plantae,Ginkgoaceae,Ginkgo biloba,Ref.,Cycloeucalenol,Yes
Plantae,Iridaceae,Crocus sativus,Ref.,Cycloeucalenol,Yes
Plantae,Labiatae,Ocimum basilicum,Ref.,Cycloeucalenol,Yes
Plantae,Lythraceae,Punica granatum,Ref.,Cycloeucalenol,Yes
Plantae,Malvaceae,Abelmoschus manihot,Ref.,Cycloeucalenol,Yes
Plantae,Malvaceae,Gossypium herbaceum,Ref.,Cycloeucalenol,Yes
Plantae,Malvaceae,Hibiscus mutabilis,Ref.,Cycloeucalenol,Yes
Plantae,Moraceae,Morus alba,Ref.,Cycloeucalenol,Yes
Plantae,Moringaceae,Moringa oleifera,Ref.,Cycloeucalenol,Yes
Plantae,Musaceae,Musa acuminata,Ref.,Cycloeucalenol,Yes
Plantae,Myrtaceae,Psidium guajava,Ref.,Cycloeucalenol,Yes
Plantae,Nelumbonaceae,Nelumbo nucifera,Ref.,Cycloeucalenol,Yes
Plantae,Phyllanthaceae,Phyllanthus acidus,Ref.,Cycloeucalenol,Yes
Plantae,Phyllanthaceae,Phyllanthus emblica,Ref.,Cycloeucalenol,Yes
Plantae,Phyllanthaceae,Phyllanthus niruri,Ref.,Cycloeucalenol,Yes
Plantae,Poaceae,Cymbopogon citratus,Ref.,Cycloeucalenol,Yes
Plantae,Poaceae,Oryza sativa,Ref.,Cycloeucalenol,Yes
Plantae,Solanaceae,Capsicum annuum,Ref.,Cycloeucalenol,Yes
Plantae,Solanaceae,Nicotiana tabacum,Ref.,Cycloeucalenol,Yes
Plantae,Solanaceae,Solanum lycopersicum,Ref.,Cycloeucalenol,Yes
Plantae,Solanaceae,Solanum tuberosum L.,Ref.,Cycloeucalenol,Yes
Plantae,Theaceae,Camellia sinensis,Ref.,Cycloeucalenol,Yes
Plantae,Zingiberaceae,Curcuma mangga,Ref.,Cycloeucalenol,Yes
Plantae,Zingiberaceae,Etlingera elatior,Ref.,Cycloeucalenol,Yes
Plantae,Fabaceae,Glycine max,Ref.,Aloin,Yes
Plantae,Menispermaceae,Tinospora crispa,Ref.,Syringaresinol,Yes
Plantae,Poaceae,Oryza sativa,Ref.,Syringaresinol,Yes
Plantae,Ranunculaceae,Nigella sativa,Ref.,Syringaresinol,Yes
Plantae,Solanaceae,Solanum lycopersicum,Ref.,Syringaresinol,Yes
Plantae,Solanaceae,Solanum tuberosum,Ref.,Syringaresinol,Yes
Plantae,Asphodelaceae,Aloe vera,Ref.,Geranin b,Yes
-,-,Selaginella doederleinii,Ref.,Benzyl benzoate,Yes
Plantae,Anacardiaceae,Mangifera indica,Ref.,Theviridoside,Yes
Plantae,Annonaceae,Cananga odorata,Ref.,Theviridoside,Yes
Plantae,Caricaceae,Carica papaya,Ref.,Theviridoside,Yes
Plantae,Lauraceae,Cinnamomum zeylanicum,Ref.,Theviridoside,Yes
Plantae,Rutaceae,Clausena excavata,Ref.,Theviridoside,Yes
Plantae,Rutaceae,Murraya paniculata,Ref.,Theviridoside,Yes
Plantae,Theaceae,Camellia sinensis,Ref.,Theviridoside,Yes
-,-,Baeckea frutescens L.,Ref.,Theviridoside,Yes
